{
  "name": "HealthQuest",
  "lockfileVersion": 3,
  "requires": true,
  "packages": {
    "": {
      "dependencies": {
        "bcryptjs": "^2.4.3",
        "dotenv": "^16.4.5",
        "express": "^4.21.1",
        "firebase": "^11.0.1",
        "jsonwebtoken": "^9.0.2",
        "mongoose": "^8.8.0"
      }
    },
    "node_modules/@firebase/analytics": {
      "version": "0.10.9",
      "resolved": "https://registry.npmjs.org/@firebase/analytics/-/analytics-0.10.9.tgz",
      "integrity": "sha512-FrvW6u6xDBKXUGYUy1WIUh0J9tvbppMsk90mig0JhHST8iLveKu/dIBVeVE/ZYZhmXy4fkI7SPSWvD1V0O4tXw==",
      "dependencies": {
        "@firebase/component": "0.6.10",
        "@firebase/installations": "0.6.10",
        "@firebase/logger": "0.4.3",
        "@firebase/util": "1.10.1",
        "tslib": "^2.1.0"
      },
      "peerDependencies": {
        "@firebase/app": "0.x"
      }
    },
    "node_modules/@firebase/analytics-compat": {
      "version": "0.2.15",
      "resolved": "https://registry.npmjs.org/@firebase/analytics-compat/-/analytics-compat-0.2.15.tgz",
      "integrity": "sha512-C5to422Sr8FkL0MPwXcIecbMnF4o2Ll7MtoWvIm4Q/LPJvvM+tWa1DiU+LzsCdsd1/CYE9EIW9Ma3ko9XnAAYw==",
      "dependencies": {
        "@firebase/analytics": "0.10.9",
        "@firebase/analytics-types": "0.8.2",
        "@firebase/component": "0.6.10",
        "@firebase/util": "1.10.1",
        "tslib": "^2.1.0"
      },
      "peerDependencies": {
        "@firebase/app-compat": "0.x"
      }
    },
    "node_modules/@firebase/analytics-types": {
      "version": "0.8.2",
      "resolved": "https://registry.npmjs.org/@firebase/analytics-types/-/analytics-types-0.8.2.tgz",
      "integrity": "sha512-EnzNNLh+9/sJsimsA/FGqzakmrAUKLeJvjRHlg8df1f97NLUlFidk9600y0ZgWOp3CAxn6Hjtk+08tixlUOWyw=="
    },
    "node_modules/@firebase/app": {
      "version": "0.10.15",
      "resolved": "https://registry.npmjs.org/@firebase/app/-/app-0.10.15.tgz",
      "integrity": "sha512-he6qlG3pmwL+LHdG/BrSMBQeJzzutciq4fpXN3lGa1uSwYSijJ24VtakS/bP2X9SiDf8jGywJ4u+OgXAenJsNg==",
      "dependencies": {
        "@firebase/component": "0.6.10",
        "@firebase/logger": "0.4.3",
        "@firebase/util": "1.10.1",
        "idb": "7.1.1",
        "tslib": "^2.1.0"
      },
      "engines": {
        "node": ">=18.0.0"
      }
    },
    "node_modules/@firebase/app-check": {
      "version": "0.8.9",
      "resolved": "https://registry.npmjs.org/@firebase/app-check/-/app-check-0.8.9.tgz",
      "integrity": "sha512-YzVn1mMLzD2JboMPVVO0Pe20YOgWzrF+aXoAmmd0v3xec051n83YpxSUZbacL69uYvk0dHrEsbea44QtQ5WPDA==",
      "dependencies": {
        "@firebase/component": "0.6.10",
        "@firebase/logger": "0.4.3",
        "@firebase/util": "1.10.1",
        "tslib": "^2.1.0"
      },
      "engines": {
        "node": ">=18.0.0"
      },
      "peerDependencies": {
        "@firebase/app": "0.x"
      }
    },
    "node_modules/@firebase/app-check-compat": {
      "version": "0.3.16",
      "resolved": "https://registry.npmjs.org/@firebase/app-check-compat/-/app-check-compat-0.3.16.tgz",
      "integrity": "sha512-AxIGzLRXrTFNL+H6V+4BO0w/gERloROfRbWI/FoJUnQd0qPZIzyfdHZBbThFzFGLfDt/mVs2kdjYFx/l9I8NhQ==",
      "dependencies": {
        "@firebase/app-check": "0.8.9",
        "@firebase/app-check-types": "0.5.2",
        "@firebase/component": "0.6.10",
        "@firebase/logger": "0.4.3",
        "@firebase/util": "1.10.1",
        "tslib": "^2.1.0"
      },
      "engines": {
        "node": ">=18.0.0"
      },
      "peerDependencies": {
        "@firebase/app-compat": "0.x"
      }
    },
    "node_modules/@firebase/app-check-interop-types": {
      "version": "0.3.2",
      "resolved": "https://registry.npmjs.org/@firebase/app-check-interop-types/-/app-check-interop-types-0.3.2.tgz",
      "integrity": "sha512-LMs47Vinv2HBMZi49C09dJxp0QT5LwDzFaVGf/+ITHe3BlIhUiLNttkATSXplc89A2lAaeTqjgqVkiRfUGyQiQ=="
    },
    "node_modules/@firebase/app-check-types": {
      "version": "0.5.2",
      "resolved": "https://registry.npmjs.org/@firebase/app-check-types/-/app-check-types-0.5.2.tgz",
      "integrity": "sha512-FSOEzTzL5bLUbD2co3Zut46iyPWML6xc4x+78TeaXMSuJap5QObfb+rVvZJtla3asN4RwU7elaQaduP+HFizDA=="
    },
    "node_modules/@firebase/app-compat": {
      "version": "0.2.45",
      "resolved": "https://registry.npmjs.org/@firebase/app-compat/-/app-compat-0.2.45.tgz",
      "integrity": "sha512-5rYbXq1ndtMTg+07oH4WrkYuP+NZq61uzVwW1hlmybp/gr4cXq2SfaP9fc6/9IzTKmu3dh3H0fjj++HG7Z7o/w==",
      "dependencies": {
        "@firebase/app": "0.10.15",
        "@firebase/component": "0.6.10",
        "@firebase/logger": "0.4.3",
        "@firebase/util": "1.10.1",
        "tslib": "^2.1.0"
      },
      "engines": {
        "node": ">=18.0.0"
      }
    },
    "node_modules/@firebase/app-types": {
      "version": "0.9.2",
      "resolved": "https://registry.npmjs.org/@firebase/app-types/-/app-types-0.9.2.tgz",
      "integrity": "sha512-oMEZ1TDlBz479lmABwWsWjzHwheQKiAgnuKxE0pz0IXCVx7/rtlkx1fQ6GfgK24WCrxDKMplZrT50Kh04iMbXQ=="
    },
    "node_modules/@firebase/auth": {
      "version": "1.8.0",
      "resolved": "https://registry.npmjs.org/@firebase/auth/-/auth-1.8.0.tgz",
      "integrity": "sha512-/O7UDWE5S5ux456fzNHSLx/0YN/Kykw/WyAzgDQ6wvkddZhSEmPX19EzxgsFldzhuFjsl5uOZTz8kzlosCiJjg==",
      "dependencies": {
        "@firebase/component": "0.6.10",
        "@firebase/logger": "0.4.3",
        "@firebase/util": "1.10.1",
        "tslib": "^2.1.0"
      },
      "engines": {
        "node": ">=18.0.0"
      },
      "peerDependencies": {
        "@firebase/app": "0.x",
        "@react-native-async-storage/async-storage": "^1.18.1"
      },
      "peerDependenciesMeta": {
        "@react-native-async-storage/async-storage": {
          "optional": true
        }
      }
    },
    "node_modules/@firebase/auth-compat": {
      "version": "0.5.15",
      "resolved": "https://registry.npmjs.org/@firebase/auth-compat/-/auth-compat-0.5.15.tgz",
      "integrity": "sha512-jz6k1ridPiecKI8CBRiqCM6IMOhwYp2MD+YvoxnMiK8nQLSTm57GvHETlPNX3WlbyQnCjMCOvrAhe27whyxAEg==",
      "dependencies": {
        "@firebase/auth": "1.8.0",
        "@firebase/auth-types": "0.12.2",
        "@firebase/component": "0.6.10",
        "@firebase/util": "1.10.1",
        "tslib": "^2.1.0"
      },
      "engines": {
        "node": ">=18.0.0"
      },
      "peerDependencies": {
        "@firebase/app-compat": "0.x"
      }
    },
    "node_modules/@firebase/auth-interop-types": {
      "version": "0.2.3",
      "resolved": "https://registry.npmjs.org/@firebase/auth-interop-types/-/auth-interop-types-0.2.3.tgz",
      "integrity": "sha512-Fc9wuJGgxoxQeavybiuwgyi+0rssr76b+nHpj+eGhXFYAdudMWyfBHvFL/I5fEHniUM/UQdFzi9VXJK2iZF7FQ=="
    },
    "node_modules/@firebase/auth-types": {
      "version": "0.12.2",
      "resolved": "https://registry.npmjs.org/@firebase/auth-types/-/auth-types-0.12.2.tgz",
      "integrity": "sha512-qsEBaRMoGvHO10unlDJhaKSuPn4pyoTtlQuP1ghZfzB6rNQPuhp/N/DcFZxm9i4v0SogjCbf9reWupwIvfmH6w==",
      "peerDependencies": {
        "@firebase/app-types": "0.x",
        "@firebase/util": "1.x"
      }
    },
    "node_modules/@firebase/component": {
      "version": "0.6.10",
      "resolved": "https://registry.npmjs.org/@firebase/component/-/component-0.6.10.tgz",
      "integrity": "sha512-OsNbEKyz9iLZSmMUhsl6+kCADzte00iisJIRUspnUqvDCX+RSGZOBIqekukv/jN177ovjApBQNFaxSYIDc/SyQ==",
      "dependencies": {
        "@firebase/util": "1.10.1",
        "tslib": "^2.1.0"
      },
      "engines": {
        "node": ">=18.0.0"
      }
    },
    "node_modules/@firebase/data-connect": {
      "version": "0.1.1",
      "resolved": "https://registry.npmjs.org/@firebase/data-connect/-/data-connect-0.1.1.tgz",
      "integrity": "sha512-RBJ7XE/a3oXFv31Jlw8cbMRdsxQoI8F3L7xm4n93ab+bIr1NQUiYGgW9L7TTw7obdNev91ZnW0xfqJtXcPA5yA==",
      "dependencies": {
        "@firebase/auth-interop-types": "0.2.3",
        "@firebase/component": "0.6.10",
        "@firebase/logger": "0.4.3",
        "@firebase/util": "1.10.1",
        "tslib": "^2.1.0"
      },
      "peerDependencies": {
        "@firebase/app": "0.x"
      }
    },
    "node_modules/@firebase/database": {
      "version": "1.0.9",
      "resolved": "https://registry.npmjs.org/@firebase/database/-/database-1.0.9.tgz",
      "integrity": "sha512-EkiPSKSu2TJJGtOjyISASf3UFpFJDil1lMbfqnxilfbmIsilvC8DzgjuLoYD+eOitcug4wtU9Fh1tt2vgBhskA==",
      "dependencies": {
        "@firebase/app-check-interop-types": "0.3.2",
        "@firebase/auth-interop-types": "0.2.3",
        "@firebase/component": "0.6.10",
        "@firebase/logger": "0.4.3",
        "@firebase/util": "1.10.1",
        "faye-websocket": "0.11.4",
        "tslib": "^2.1.0"
      },
      "engines": {
        "node": ">=18.0.0"
      }
    },
    "node_modules/@firebase/database-compat": {
      "version": "2.0.0",
      "resolved": "https://registry.npmjs.org/@firebase/database-compat/-/database-compat-2.0.0.tgz",
      "integrity": "sha512-2xlODKWwf/vNAxCmou0GFhymx2pqZKkhXMN9B5aiTjZ6+81sOxGim53ELY2lj+qKG2IvgiCYFc4X+ZJA2Ad5vg==",
      "dependencies": {
        "@firebase/component": "0.6.10",
        "@firebase/database": "1.0.9",
        "@firebase/database-types": "1.0.6",
        "@firebase/logger": "0.4.3",
        "@firebase/util": "1.10.1",
        "tslib": "^2.1.0"
      },
      "engines": {
        "node": ">=18.0.0"
      }
    },
    "node_modules/@firebase/database-types": {
      "version": "1.0.6",
      "resolved": "https://registry.npmjs.org/@firebase/database-types/-/database-types-1.0.6.tgz",
      "integrity": "sha512-sMI7IynSZBsyGbUugc8PKE1jwKbnvaieAz/RxuM57PZQNCi6Rteiviwcw/jqZOX6igqYJwXWZ3UzKOZo2nUDRA==",
      "dependencies": {
        "@firebase/app-types": "0.9.2",
        "@firebase/util": "1.10.1"
      }
    },
    "node_modules/@firebase/firestore": {
      "version": "4.7.4",
      "resolved": "https://registry.npmjs.org/@firebase/firestore/-/firestore-4.7.4.tgz",
      "integrity": "sha512-K2nq4w+NF8J1waGawY5OHLawP/Aw5CYxyDstVv1NZemGPcM3U+LZ9EPaXr1PatYIrPA7fS4DxZoWcbB0aGJ8Zg==",
      "dependencies": {
        "@firebase/component": "0.6.10",
        "@firebase/logger": "0.4.3",
        "@firebase/util": "1.10.1",
        "@firebase/webchannel-wrapper": "1.0.2",
        "@grpc/grpc-js": "~1.9.0",
        "@grpc/proto-loader": "^0.7.8",
        "tslib": "^2.1.0"
      },
      "engines": {
        "node": ">=18.0.0"
      },
      "peerDependencies": {
        "@firebase/app": "0.x"
      }
    },
    "node_modules/@firebase/firestore-compat": {
      "version": "0.3.39",
      "resolved": "https://registry.npmjs.org/@firebase/firestore-compat/-/firestore-compat-0.3.39.tgz",
      "integrity": "sha512-CsK8g34jNeHx95LISDRTcArJLonW+zJCqHI1Ez9WNiLAK2X8FeQ4UiD+RwOwxAIR+t2a6xED/5Fe6ZIqx7MuoQ==",
      "dependencies": {
        "@firebase/component": "0.6.10",
        "@firebase/firestore": "4.7.4",
        "@firebase/firestore-types": "3.0.2",
        "@firebase/util": "1.10.1",
        "tslib": "^2.1.0"
      },
      "engines": {
        "node": ">=18.0.0"
      },
      "peerDependencies": {
        "@firebase/app-compat": "0.x"
      }
    },
    "node_modules/@firebase/firestore-types": {
      "version": "3.0.2",
      "resolved": "https://registry.npmjs.org/@firebase/firestore-types/-/firestore-types-3.0.2.tgz",
      "integrity": "sha512-wp1A+t5rI2Qc/2q7r2ZpjUXkRVPtGMd6zCLsiWurjsQpqPgFin3AhNibKcIzoF2rnToNa/XYtyWXuifjOOwDgg==",
      "peerDependencies": {
        "@firebase/app-types": "0.x",
        "@firebase/util": "1.x"
      }
    },
    "node_modules/@firebase/functions": {
      "version": "0.11.9",
      "resolved": "https://registry.npmjs.org/@firebase/functions/-/functions-0.11.9.tgz",
      "integrity": "sha512-dhO5IUfQRCsrc20YD20nSOX+QCT+cH6N86HlZOLz2XgyEFgzOdBQnUot4EabBJQRkMBI7fZWUrbYfRcnov53ug==",
      "dependencies": {
        "@firebase/app-check-interop-types": "0.3.2",
        "@firebase/auth-interop-types": "0.2.3",
        "@firebase/component": "0.6.10",
        "@firebase/messaging-interop-types": "0.2.2",
        "@firebase/util": "1.10.1",
        "tslib": "^2.1.0"
      },
      "engines": {
        "node": ">=18.0.0"
      },
      "peerDependencies": {
        "@firebase/app": "0.x"
      }
    },
    "node_modules/@firebase/functions-compat": {
      "version": "0.3.15",
      "resolved": "https://registry.npmjs.org/@firebase/functions-compat/-/functions-compat-0.3.15.tgz",
      "integrity": "sha512-eiHpc6Sd9Y/SNhBsGi944SapiFbfTPKsiSUQ74QxNSs0yoxvABeIRolVMFk4TokP57NGmstGYpYte02XGNPcYw==",
      "dependencies": {
        "@firebase/component": "0.6.10",
        "@firebase/functions": "0.11.9",
        "@firebase/functions-types": "0.6.2",
        "@firebase/util": "1.10.1",
        "tslib": "^2.1.0"
      },
      "engines": {
        "node": ">=18.0.0"
      },
      "peerDependencies": {
        "@firebase/app-compat": "0.x"
      }
    },
    "node_modules/@firebase/functions-types": {
      "version": "0.6.2",
      "resolved": "https://registry.npmjs.org/@firebase/functions-types/-/functions-types-0.6.2.tgz",
      "integrity": "sha512-0KiJ9lZ28nS2iJJvimpY4nNccV21rkQyor5Iheu/nq8aKXJqtJdeSlZDspjPSBBiHRzo7/GMUttegnsEITqR+w=="
    },
    "node_modules/@firebase/installations": {
      "version": "0.6.10",
      "resolved": "https://registry.npmjs.org/@firebase/installations/-/installations-0.6.10.tgz",
      "integrity": "sha512-TuGSOMqkFrllxa0X/8VZIqBCRH4POndU/iWKWkRmkh12+/xKSpdp+y/kWaVbsySrelltan6LeYlcYPmLibWbwg==",
      "dependencies": {
        "@firebase/component": "0.6.10",
        "@firebase/util": "1.10.1",
        "idb": "7.1.1",
        "tslib": "^2.1.0"
      },
      "peerDependencies": {
        "@firebase/app": "0.x"
      }
    },
    "node_modules/@firebase/installations-compat": {
      "version": "0.2.10",
      "resolved": "https://registry.npmjs.org/@firebase/installations-compat/-/installations-compat-0.2.10.tgz",
      "integrity": "sha512-YTonkcVz3AK7RF8xFhvs5CwDuJ0xbzzCJIwXoV14gnzdYbMgy6vWlUUbzkvbtEDXzPRHB0n7aGZl56oy9dLOFw==",
      "dependencies": {
        "@firebase/component": "0.6.10",
        "@firebase/installations": "0.6.10",
        "@firebase/installations-types": "0.5.2",
        "@firebase/util": "1.10.1",
        "tslib": "^2.1.0"
      },
      "peerDependencies": {
        "@firebase/app-compat": "0.x"
      }
    },
    "node_modules/@firebase/installations-types": {
      "version": "0.5.2",
      "resolved": "https://registry.npmjs.org/@firebase/installations-types/-/installations-types-0.5.2.tgz",
      "integrity": "sha512-que84TqGRZJpJKHBlF2pkvc1YcXrtEDOVGiDjovP/a3s6W4nlbohGXEsBJo0JCeeg/UG9A+DEZVDUV9GpklUzA==",
      "peerDependencies": {
        "@firebase/app-types": "0.x"
      }
    },
    "node_modules/@firebase/logger": {
      "version": "0.4.3",
      "resolved": "https://registry.npmjs.org/@firebase/logger/-/logger-0.4.3.tgz",
      "integrity": "sha512-Th42bWJg18EF5bJwhRosn2M/eYxmbWCwXZr4hHX7ltO0SE3QLrpgiMKeRBR/NW7vJke7i0n3i8esbCW2s93qBw==",
      "dependencies": {
        "tslib": "^2.1.0"
      },
      "engines": {
        "node": ">=18.0.0"
      }
    },
    "node_modules/@firebase/messaging": {
      "version": "0.12.13",
      "resolved": "https://registry.npmjs.org/@firebase/messaging/-/messaging-0.12.13.tgz",
      "integrity": "sha512-YLa8PWl+BgiOVR5WOyzl21fVJFJeBRfniNuN25d9DBrQzppSAahuN6yS+vt1OIjvZNPN4pZ/lcRLYupbGu4W0w==",
      "dependencies": {
        "@firebase/component": "0.6.10",
        "@firebase/installations": "0.6.10",
        "@firebase/messaging-interop-types": "0.2.2",
        "@firebase/util": "1.10.1",
        "idb": "7.1.1",
        "tslib": "^2.1.0"
      },
      "peerDependencies": {
        "@firebase/app": "0.x"
      }
    },
    "node_modules/@firebase/messaging-compat": {
      "version": "0.2.13",
      "resolved": "https://registry.npmjs.org/@firebase/messaging-compat/-/messaging-compat-0.2.13.tgz",
      "integrity": "sha512-9ootPClS6m2c2KIzo7AqSHaWzAw28zWcjQPjVv7WeQDu6wjufpbOg+7tuVzb+gqpF9Issa3lDoYOwlO0ZudO3g==",
      "dependencies": {
        "@firebase/component": "0.6.10",
        "@firebase/messaging": "0.12.13",
        "@firebase/util": "1.10.1",
        "tslib": "^2.1.0"
      },
      "peerDependencies": {
        "@firebase/app-compat": "0.x"
      }
    },
    "node_modules/@firebase/messaging-interop-types": {
      "version": "0.2.2",
      "resolved": "https://registry.npmjs.org/@firebase/messaging-interop-types/-/messaging-interop-types-0.2.2.tgz",
      "integrity": "sha512-l68HXbuD2PPzDUOFb3aG+nZj5KA3INcPwlocwLZOzPp9rFM9yeuI9YLl6DQfguTX5eAGxO0doTR+rDLDvQb5tA=="
    },
    "node_modules/@firebase/performance": {
      "version": "0.6.10",
      "resolved": "https://registry.npmjs.org/@firebase/performance/-/performance-0.6.10.tgz",
      "integrity": "sha512-x/mNYKGxq7A+QV0EiEZeD2S+E+kw+UcZ8FXuE7qDJyGGt/0Wd+bIIL7RakG/VrFt7/UYc//nKygDc7/Ig7sOmQ==",
      "dependencies": {
        "@firebase/component": "0.6.10",
        "@firebase/installations": "0.6.10",
        "@firebase/logger": "0.4.3",
        "@firebase/util": "1.10.1",
        "tslib": "^2.1.0"
      },
      "peerDependencies": {
        "@firebase/app": "0.x"
      }
    },
    "node_modules/@firebase/performance-compat": {
      "version": "0.2.10",
      "resolved": "https://registry.npmjs.org/@firebase/performance-compat/-/performance-compat-0.2.10.tgz",
      "integrity": "sha512-0h1qYkF6I79DSSpHfTQFvb91fo8shmmwiPzWFYAPdPK02bSWpKwVssNYlZX2iUnumxerDMbl7dWN+Im/W3bnXA==",
      "dependencies": {
        "@firebase/component": "0.6.10",
        "@firebase/logger": "0.4.3",
        "@firebase/performance": "0.6.10",
        "@firebase/performance-types": "0.2.2",
        "@firebase/util": "1.10.1",
        "tslib": "^2.1.0"
      },
      "peerDependencies": {
        "@firebase/app-compat": "0.x"
      }
    },
    "node_modules/@firebase/performance-types": {
      "version": "0.2.2",
      "resolved": "https://registry.npmjs.org/@firebase/performance-types/-/performance-types-0.2.2.tgz",
      "integrity": "sha512-gVq0/lAClVH5STrIdKnHnCo2UcPLjJlDUoEB/tB4KM+hAeHUxWKnpT0nemUPvxZ5nbdY/pybeyMe8Cs29gEcHA=="
    },
    "node_modules/@firebase/remote-config": {
      "version": "0.4.10",
      "resolved": "https://registry.npmjs.org/@firebase/remote-config/-/remote-config-0.4.10.tgz",
      "integrity": "sha512-jTRjy3TdqzVna19m5a1HEHE5BG4Z3BQTxBgvQRTmMKlHacx4QS0CToAas7R9M9UkxpgFcVuAE7FpWIOWQGCEWw==",
      "dependencies": {
        "@firebase/component": "0.6.10",
        "@firebase/installations": "0.6.10",
        "@firebase/logger": "0.4.3",
        "@firebase/util": "1.10.1",
        "tslib": "^2.1.0"
      },
      "peerDependencies": {
        "@firebase/app": "0.x"
      }
    },
    "node_modules/@firebase/remote-config-compat": {
      "version": "0.2.10",
      "resolved": "https://registry.npmjs.org/@firebase/remote-config-compat/-/remote-config-compat-0.2.10.tgz",
      "integrity": "sha512-fIi5OB2zk0zpChMV/tTd0oEZcZI8TlwQDlLlcrDpMOV5l5dqd0JNlWKh6Fwmh4izmytk+rZIAIpnak/NjGVesQ==",
      "dependencies": {
        "@firebase/component": "0.6.10",
        "@firebase/logger": "0.4.3",
        "@firebase/remote-config": "0.4.10",
        "@firebase/remote-config-types": "0.3.2",
        "@firebase/util": "1.10.1",
        "tslib": "^2.1.0"
      },
      "peerDependencies": {
        "@firebase/app-compat": "0.x"
      }
    },
    "node_modules/@firebase/remote-config-types": {
      "version": "0.3.2",
      "resolved": "https://registry.npmjs.org/@firebase/remote-config-types/-/remote-config-types-0.3.2.tgz",
      "integrity": "sha512-0BC4+Ud7y2aPTyhXJTMTFfrGGLqdYXrUB9sJVAB8NiqJswDTc4/2qrE/yfUbnQJhbSi6ZaTTBKyG3n1nplssaA=="
    },
    "node_modules/@firebase/storage": {
      "version": "0.13.3",
      "resolved": "https://registry.npmjs.org/@firebase/storage/-/storage-0.13.3.tgz",
      "integrity": "sha512-B5HiJ7isYKaT4dOEV43f2ySdhQxzq+SQEm7lqXebJ8AYCsebdHrgGzrPR0LR962xGjPzJHFKx63gA8Be/P2MCw==",
      "dependencies": {
        "@firebase/component": "0.6.10",
        "@firebase/util": "1.10.1",
        "tslib": "^2.1.0"
      },
      "engines": {
        "node": ">=18.0.0"
      },
      "peerDependencies": {
        "@firebase/app": "0.x"
      }
    },
    "node_modules/@firebase/storage-compat": {
      "version": "0.3.13",
      "resolved": "https://registry.npmjs.org/@firebase/storage-compat/-/storage-compat-0.3.13.tgz",
      "integrity": "sha512-15kje7JALswRCBKsCSvKg5FbqUYykaIMqMbZRD7I6uVRWwdyTvez5MBQfMhBia2JcEmPiDpXhJTXH4PAWFiA8g==",
      "dependencies": {
        "@firebase/component": "0.6.10",
        "@firebase/storage": "0.13.3",
        "@firebase/storage-types": "0.8.2",
        "@firebase/util": "1.10.1",
        "tslib": "^2.1.0"
      },
      "engines": {
        "node": ">=18.0.0"
      },
      "peerDependencies": {
        "@firebase/app-compat": "0.x"
      }
    },
    "node_modules/@firebase/storage-types": {
      "version": "0.8.2",
      "resolved": "https://registry.npmjs.org/@firebase/storage-types/-/storage-types-0.8.2.tgz",
      "integrity": "sha512-0vWu99rdey0g53lA7IShoA2Lol1jfnPovzLDUBuon65K7uKG9G+L5uO05brD9pMw+l4HRFw23ah3GwTGpEav6g==",
      "peerDependencies": {
        "@firebase/app-types": "0.x",
        "@firebase/util": "1.x"
      }
    },
    "node_modules/@firebase/util": {
      "version": "1.10.1",
      "resolved": "https://registry.npmjs.org/@firebase/util/-/util-1.10.1.tgz",
      "integrity": "sha512-AIhFnCCjM8FmCqSNlNPTuOk3+gpHC1RkeNUBLtPbcqGYpN5MxI5q7Yby+rxycweOZOCboDzfIj8WyaY4tpQG/g==",
      "dependencies": {
        "tslib": "^2.1.0"
      },
      "engines": {
        "node": ">=18.0.0"
      }
    },
    "node_modules/@firebase/vertexai": {
      "version": "1.0.0",
      "resolved": "https://registry.npmjs.org/@firebase/vertexai/-/vertexai-1.0.0.tgz",
      "integrity": "sha512-48N3Lp/9GgiCCRfrSdHS+Y1IiMdYXvnHFO/f+HL1PgUtBq7WQ/fWmYOX3mzAN36zvytq13nb68ImF+GALopp+Q==",
      "dependencies": {
        "@firebase/app-check-interop-types": "0.3.2",
        "@firebase/component": "0.6.10",
        "@firebase/logger": "0.4.3",
        "@firebase/util": "1.10.1",
        "tslib": "^2.1.0"
      },
      "engines": {
        "node": ">=18.0.0"
      },
      "peerDependencies": {
        "@firebase/app": "0.x",
        "@firebase/app-types": "0.x"
      }
    },
    "node_modules/@firebase/webchannel-wrapper": {
      "version": "1.0.2",
      "resolved": "https://registry.npmjs.org/@firebase/webchannel-wrapper/-/webchannel-wrapper-1.0.2.tgz",
      "integrity": "sha512-3F4iA2E+NtdMbOU0XC1cHE8q6MqpGIKRj62oGOF38S6AAx5VHR9cXmoDUSj7ejvTAT7m6jxuEeQkHeq0F+mU2w=="
    },
    "node_modules/@grpc/grpc-js": {
      "version": "1.9.15",
      "resolved": "https://registry.npmjs.org/@grpc/grpc-js/-/grpc-js-1.9.15.tgz",
      "integrity": "sha512-nqE7Hc0AzI+euzUwDAy0aY5hCp10r734gMGRdU+qOPX0XSceI2ULrcXB5U2xSc5VkWwalCj4M7GzCAygZl2KoQ==",
      "dependencies": {
        "@grpc/proto-loader": "^0.7.8",
        "@types/node": ">=12.12.47"
      },
      "engines": {
        "node": "^8.13.0 || >=10.10.0"
      }
    },
    "node_modules/@grpc/proto-loader": {
      "version": "0.7.13",
      "resolved": "https://registry.npmjs.org/@grpc/proto-loader/-/proto-loader-0.7.13.tgz",
      "integrity": "sha512-AiXO/bfe9bmxBjxxtYxFAXGZvMaN5s8kO+jBHAJCON8rJoB5YS/D6X7ZNc6XQkuHNmyl4CYaMI1fJ/Gn27RGGw==",
      "dependencies": {
        "lodash.camelcase": "^4.3.0",
        "long": "^5.0.0",
        "protobufjs": "^7.2.5",
        "yargs": "^17.7.2"
      },
      "bin": {
        "proto-loader-gen-types": "build/bin/proto-loader-gen-types.js"
      },
      "engines": {
        "node": ">=6"
      }
    },
    "node_modules/@mongodb-js/saslprep": {
      "version": "1.1.9",
      "resolved": "https://registry.npmjs.org/@mongodb-js/saslprep/-/saslprep-1.1.9.tgz",
      "integrity": "sha512-tVkljjeEaAhCqTzajSdgbQ6gE6f3oneVwa3iXR6csiEwXXOFsiC6Uh9iAjAhXPtqa/XMDHWjjeNH/77m/Yq2dw==",
      "dependencies": {
        "sparse-bitfield": "^3.0.3"
      }
    },
    "node_modules/@protobufjs/aspromise": {
      "version": "1.1.2",
      "resolved": "https://registry.npmjs.org/@protobufjs/aspromise/-/aspromise-1.1.2.tgz",
      "integrity": "sha512-j+gKExEuLmKwvz3OgROXtrJ2UG2x8Ch2YZUxahh+s1F2HZ+wAceUNLkvy6zKCPVRkU++ZWQrdxsUeQXmcg4uoQ=="
    },
    "node_modules/@protobufjs/base64": {
      "version": "1.1.2",
      "resolved": "https://registry.npmjs.org/@protobufjs/base64/-/base64-1.1.2.tgz",
      "integrity": "sha512-AZkcAA5vnN/v4PDqKyMR5lx7hZttPDgClv83E//FMNhR2TMcLUhfRUBHCmSl0oi9zMgDDqRUJkSxO3wm85+XLg=="
    },
    "node_modules/@protobufjs/codegen": {
      "version": "2.0.4",
      "resolved": "https://registry.npmjs.org/@protobufjs/codegen/-/codegen-2.0.4.tgz",
      "integrity": "sha512-YyFaikqM5sH0ziFZCN3xDC7zeGaB/d0IUb9CATugHWbd1FRFwWwt4ld4OYMPWu5a3Xe01mGAULCdqhMlPl29Jg=="
    },
    "node_modules/@protobufjs/eventemitter": {
      "version": "1.1.0",
      "resolved": "https://registry.npmjs.org/@protobufjs/eventemitter/-/eventemitter-1.1.0.tgz",
      "integrity": "sha512-j9ednRT81vYJ9OfVuXG6ERSTdEL1xVsNgqpkxMsbIabzSo3goCjDIveeGv5d03om39ML71RdmrGNjG5SReBP/Q=="
    },
    "node_modules/@protobufjs/fetch": {
      "version": "1.1.0",
      "resolved": "https://registry.npmjs.org/@protobufjs/fetch/-/fetch-1.1.0.tgz",
      "integrity": "sha512-lljVXpqXebpsijW71PZaCYeIcE5on1w5DlQy5WH6GLbFryLUrBD4932W/E2BSpfRJWseIL4v/KPgBFxDOIdKpQ==",
      "dependencies": {
        "@protobufjs/aspromise": "^1.1.1",
        "@protobufjs/inquire": "^1.1.0"
      }
    },
    "node_modules/@protobufjs/float": {
      "version": "1.0.2",
      "resolved": "https://registry.npmjs.org/@protobufjs/float/-/float-1.0.2.tgz",
      "integrity": "sha512-Ddb+kVXlXst9d+R9PfTIxh1EdNkgoRe5tOX6t01f1lYWOvJnSPDBlG241QLzcyPdoNTsblLUdujGSE4RzrTZGQ=="
    },
    "node_modules/@protobufjs/inquire": {
      "version": "1.1.0",
      "resolved": "https://registry.npmjs.org/@protobufjs/inquire/-/inquire-1.1.0.tgz",
      "integrity": "sha512-kdSefcPdruJiFMVSbn801t4vFK7KB/5gd2fYvrxhuJYg8ILrmn9SKSX2tZdV6V+ksulWqS7aXjBcRXl3wHoD9Q=="
    },
    "node_modules/@protobufjs/path": {
      "version": "1.1.2",
      "resolved": "https://registry.npmjs.org/@protobufjs/path/-/path-1.1.2.tgz",
      "integrity": "sha512-6JOcJ5Tm08dOHAbdR3GrvP+yUUfkjG5ePsHYczMFLq3ZmMkAD98cDgcT2iA1lJ9NVwFd4tH/iSSoe44YWkltEA=="
    },
    "node_modules/@protobufjs/pool": {
      "version": "1.1.0",
      "resolved": "https://registry.npmjs.org/@protobufjs/pool/-/pool-1.1.0.tgz",
      "integrity": "sha512-0kELaGSIDBKvcgS4zkjz1PeddatrjYcmMWOlAuAPwAeccUrPHdUqo/J6LiymHHEiJT5NrF1UVwxY14f+fy4WQw=="
    },
    "node_modules/@protobufjs/utf8": {
      "version": "1.1.0",
      "resolved": "https://registry.npmjs.org/@protobufjs/utf8/-/utf8-1.1.0.tgz",
      "integrity": "sha512-Vvn3zZrhQZkkBE8LSuW3em98c0FwgO4nxzv6OdSxPKJIEKY2bGbHn+mhGIPerzI4twdxaP8/0+06HBpwf345Lw=="
    },
    "node_modules/@types/node": {
      "version": "22.9.0",
      "resolved": "https://registry.npmjs.org/@types/node/-/node-22.9.0.tgz",
      "integrity": "sha512-vuyHg81vvWA1Z1ELfvLko2c8f34gyA0zaic0+Rllc5lbCnbSyuvb2Oxpm6TAUAC/2xZN3QGqxBNggD1nNR2AfQ==",
      "dependencies": {
        "undici-types": "~6.19.8"
      }
    },
    "node_modules/@types/webidl-conversions": {
      "version": "7.0.3",
      "resolved": "https://registry.npmjs.org/@types/webidl-conversions/-/webidl-conversions-7.0.3.tgz",
      "integrity": "sha512-CiJJvcRtIgzadHCYXw7dqEnMNRjhGZlYK05Mj9OyktqV8uVT8fD2BFOB7S1uwBE3Kj2Z+4UyPmFw/Ixgw/LAlA=="
    },
    "node_modules/@types/whatwg-url": {
      "version": "11.0.5",
      "resolved": "https://registry.npmjs.org/@types/whatwg-url/-/whatwg-url-11.0.5.tgz",
      "integrity": "sha512-coYR071JRaHa+xoEvvYqvnIHaVqaYrLPbsufM9BF63HkwI5Lgmy2QR8Q5K/lYDYo5AK82wOvSOS0UsLTpTG7uQ==",
      "dependencies": {
        "@types/webidl-conversions": "*"
      }
    },
    "node_modules/accepts": {
      "version": "1.3.8",
      "resolved": "https://registry.npmjs.org/accepts/-/accepts-1.3.8.tgz",
      "integrity": "sha512-PYAthTa2m2VKxuvSD3DPC/Gy+U+sOA1LAuT8mkmRuvw+NACSaeXEQ+NHcVF7rONl6qcaxV3Uuemwawk+7+SJLw==",
      "dependencies": {
        "mime-types": "~2.1.34",
        "negotiator": "0.6.3"
      },
      "engines": {
        "node": ">= 0.6"
      }
    },
    "node_modules/ansi-regex": {
      "version": "5.0.1",
      "resolved": "https://registry.npmjs.org/ansi-regex/-/ansi-regex-5.0.1.tgz",
      "integrity": "sha512-quJQXlTSUGL2LH9SUXo8VwsY4soanhgo6LNSm84E1LBcE8s3O0wpdiRzyR9z/ZZJMlMWv37qOOb9pdJlMUEKFQ==",
      "engines": {
        "node": ">=8"
      }
    },
    "node_modules/ansi-styles": {
      "version": "4.3.0",
      "resolved": "https://registry.npmjs.org/ansi-styles/-/ansi-styles-4.3.0.tgz",
      "integrity": "sha512-zbB9rCJAT1rbjiVDb2hqKFHNYLxgtk8NURxZ3IZwD3F6NtxbXZQCnnSi1Lkx+IDohdPlFp222wVALIheZJQSEg==",
      "dependencies": {
        "color-convert": "^2.0.1"
      },
      "engines": {
        "node": ">=8"
      },
      "funding": {
        "url": "https://github.com/chalk/ansi-styles?sponsor=1"
      }
    },
    "node_modules/array-flatten": {
      "version": "1.1.1",
      "resolved": "https://registry.npmjs.org/array-flatten/-/array-flatten-1.1.1.tgz",
      "integrity": "sha512-PCVAQswWemu6UdxsDFFX/+gVeYqKAod3D3UVm91jHwynguOwAvYPhx8nNlM++NqRcK6CxxpUafjmhIdKiHibqg=="
    },
    "node_modules/bcryptjs": {
      "version": "2.4.3",
      "resolved": "https://registry.npmjs.org/bcryptjs/-/bcryptjs-2.4.3.tgz",
      "integrity": "sha512-V/Hy/X9Vt7f3BbPJEi8BdVFMByHi+jNXrYkW3huaybV/kQ0KJg0Y6PkEMbn+zeT+i+SiKZ/HMqJGIIt4LZDqNQ=="
    },
    "node_modules/body-parser": {
      "version": "1.20.3",
      "resolved": "https://registry.npmjs.org/body-parser/-/body-parser-1.20.3.tgz",
      "integrity": "sha512-7rAxByjUMqQ3/bHJy7D6OGXvx/MMc4IqBn/X0fcM1QUcAItpZrBEYhWGem+tzXH90c+G01ypMcYJBO9Y30203g==",
      "dependencies": {
        "bytes": "3.1.2",
        "content-type": "~1.0.5",
        "debug": "2.6.9",
        "depd": "2.0.0",
        "destroy": "1.2.0",
        "http-errors": "2.0.0",
        "iconv-lite": "0.4.24",
        "on-finished": "2.4.1",
        "qs": "6.13.0",
        "raw-body": "2.5.2",
        "type-is": "~1.6.18",
        "unpipe": "1.0.0"
      },
      "engines": {
        "node": ">= 0.8",
        "npm": "1.2.8000 || >= 1.4.16"
      }
    },
    "node_modules/bson": {
      "version": "6.9.0",
      "resolved": "https://registry.npmjs.org/bson/-/bson-6.9.0.tgz",
      "integrity": "sha512-X9hJeyeM0//Fus+0pc5dSUMhhrrmWwQUtdavaQeF3Ta6m69matZkGWV/MrBcnwUeLC8W9kwwc2hfkZgUuCX3Ig==",
      "engines": {
        "node": ">=16.20.1"
      }
    },
    "node_modules/buffer-equal-constant-time": {
      "version": "1.0.1",
      "resolved": "https://registry.npmjs.org/buffer-equal-constant-time/-/buffer-equal-constant-time-1.0.1.tgz",
      "integrity": "sha512-zRpUiDwd/xk6ADqPMATG8vc9VPrkck7T07OIx0gnjmJAnHnTVXNQG3vfvWNuiZIkwu9KrKdA1iJKfsfTVxE6NA=="
    },
    "node_modules/bytes": {
      "version": "3.1.2",
      "resolved": "https://registry.npmjs.org/bytes/-/bytes-3.1.2.tgz",
      "integrity": "sha512-/Nf7TyzTx6S3yRJObOAV7956r8cr2+Oj8AC5dt8wSP3BQAoeX58NoHyCU8P8zGkNXStjTSi6fzO6F0pBdcYbEg==",
      "engines": {
        "node": ">= 0.8"
      }
    },
    "node_modules/call-bind": {
      "version": "1.0.7",
      "resolved": "https://registry.npmjs.org/call-bind/-/call-bind-1.0.7.tgz",
      "integrity": "sha512-GHTSNSYICQ7scH7sZ+M2rFopRoLh8t2bLSW6BbgrtLsahOIB5iyAVJf9GjWK3cYTDaMj4XdBpM1cA6pIS0Kv2w==",
      "dependencies": {
        "es-define-property": "^1.0.0",
        "es-errors": "^1.3.0",
        "function-bind": "^1.1.2",
        "get-intrinsic": "^1.2.4",
        "set-function-length": "^1.2.1"
      },
      "engines": {
        "node": ">= 0.4"
      },
      "funding": {
        "url": "https://github.com/sponsors/ljharb"
      }
    },
    "node_modules/cliui": {
      "version": "8.0.1",
      "resolved": "https://registry.npmjs.org/cliui/-/cliui-8.0.1.tgz",
      "integrity": "sha512-BSeNnyus75C4//NQ9gQt1/csTXyo/8Sb+afLAkzAptFuMsod9HFokGNudZpi/oQV73hnVK+sR+5PVRMd+Dr7YQ==",
      "dependencies": {
        "string-width": "^4.2.0",
        "strip-ansi": "^6.0.1",
        "wrap-ansi": "^7.0.0"
      },
      "engines": {
        "node": ">=12"
      }
    },
    "node_modules/color-convert": {
      "version": "2.0.1",
      "resolved": "https://registry.npmjs.org/color-convert/-/color-convert-2.0.1.tgz",
      "integrity": "sha512-RRECPsj7iu/xb5oKYcsFHSppFNnsj/52OVTRKb4zP5onXwVF3zVmmToNcOfGC+CRDpfK/U584fMg38ZHCaElKQ==",
      "dependencies": {
        "color-name": "~1.1.4"
      },
      "engines": {
        "node": ">=7.0.0"
      }
    },
    "node_modules/color-name": {
      "version": "1.1.4",
      "resolved": "https://registry.npmjs.org/color-name/-/color-name-1.1.4.tgz",
      "integrity": "sha512-dOy+3AuW3a2wNbZHIuMZpTcgjGuLU/uBL/ubcZF9OXbDo8ff4O8yVp5Bf0efS8uEoYo5q4Fx7dY9OgQGXgAsQA=="
    },
    "node_modules/content-disposition": {
      "version": "0.5.4",
      "resolved": "https://registry.npmjs.org/content-disposition/-/content-disposition-0.5.4.tgz",
      "integrity": "sha512-FveZTNuGw04cxlAiWbzi6zTAL/lhehaWbTtgluJh4/E95DqMwTmha3KZN1aAWA8cFIhHzMZUvLevkw5Rqk+tSQ==",
      "dependencies": {
        "safe-buffer": "5.2.1"
      },
      "engines": {
        "node": ">= 0.6"
      }
    },
    "node_modules/content-type": {
      "version": "1.0.5",
      "resolved": "https://registry.npmjs.org/content-type/-/content-type-1.0.5.tgz",
      "integrity": "sha512-nTjqfcBFEipKdXCv4YDQWCfmcLZKm81ldF0pAopTvyrFGVbcR6P/VAAd5G7N+0tTr8QqiU0tFadD6FK4NtJwOA==",
      "engines": {
        "node": ">= 0.6"
      }
    },
    "node_modules/cookie": {
      "version": "0.7.1",
      "resolved": "https://registry.npmjs.org/cookie/-/cookie-0.7.1.tgz",
      "integrity": "sha512-6DnInpx7SJ2AK3+CTUE/ZM0vWTUboZCegxhC2xiIydHR9jNuTAASBrfEpHhiGOZw/nX51bHt6YQl8jsGo4y/0w==",
      "engines": {
        "node": ">= 0.6"
      }
    },
    "node_modules/cookie-signature": {
      "version": "1.0.6",
      "resolved": "https://registry.npmjs.org/cookie-signature/-/cookie-signature-1.0.6.tgz",
      "integrity": "sha512-QADzlaHc8icV8I7vbaJXJwod9HWYp8uCqf1xa4OfNu1T7JVxQIrUgOWtHdNDtPiywmFbiS12VjotIXLrKM3orQ=="
    },
    "node_modules/debug": {
      "version": "2.6.9",
      "resolved": "https://registry.npmjs.org/debug/-/debug-2.6.9.tgz",
      "integrity": "sha512-bC7ElrdJaJnPbAP+1EotYvqZsb3ecl5wi6Bfi6BJTUcNowp6cvspg0jXznRTKDjm/E7AdgFBVeAPVMNcKGsHMA==",
      "dependencies": {
        "ms": "2.0.0"
      }
    },
    "node_modules/define-data-property": {
      "version": "1.1.4",
      "resolved": "https://registry.npmjs.org/define-data-property/-/define-data-property-1.1.4.tgz",
      "integrity": "sha512-rBMvIzlpA8v6E+SJZoo++HAYqsLrkg7MSfIinMPFhmkorw7X+dOXVJQs+QT69zGkzMyfDnIMN2Wid1+NbL3T+A==",
      "dependencies": {
        "es-define-property": "^1.0.0",
        "es-errors": "^1.3.0",
        "gopd": "^1.0.1"
      },
      "engines": {
        "node": ">= 0.4"
      },
      "funding": {
        "url": "https://github.com/sponsors/ljharb"
      }
    },
    "node_modules/depd": {
      "version": "2.0.0",
      "resolved": "https://registry.npmjs.org/depd/-/depd-2.0.0.tgz",
      "integrity": "sha512-g7nH6P6dyDioJogAAGprGpCtVImJhpPk/roCzdb3fIh61/s/nPsfR6onyMwkCAR/OlC3yBC0lESvUoQEAssIrw==",
      "engines": {
        "node": ">= 0.8"
      }
    },
    "node_modules/destroy": {
      "version": "1.2.0",
      "resolved": "https://registry.npmjs.org/destroy/-/destroy-1.2.0.tgz",
      "integrity": "sha512-2sJGJTaXIIaR1w4iJSNoN0hnMY7Gpc/n8D4qSCJw8QqFWXf7cuAgnEHxBpweaVcPevC2l3KpjYCx3NypQQgaJg==",
      "engines": {
        "node": ">= 0.8",
        "npm": "1.2.8000 || >= 1.4.16"
      }
    },
    "node_modules/dotenv": {
      "version": "16.4.5",
      "resolved": "https://registry.npmjs.org/dotenv/-/dotenv-16.4.5.tgz",
      "integrity": "sha512-ZmdL2rui+eB2YwhsWzjInR8LldtZHGDoQ1ugH85ppHKwpUHL7j7rN0Ti9NCnGiQbhaZ11FpR+7ao1dNsmduNUg==",
      "engines": {
        "node": ">=12"
      },
      "funding": {
        "url": "https://dotenvx.com"
      }
    },
    "node_modules/ecdsa-sig-formatter": {
      "version": "1.0.11",
      "resolved": "https://registry.npmjs.org/ecdsa-sig-formatter/-/ecdsa-sig-formatter-1.0.11.tgz",
      "integrity": "sha512-nagl3RYrbNv6kQkeJIpt6NJZy8twLB/2vtz6yN9Z4vRKHN4/QZJIEbqohALSgwKdnksuY3k5Addp5lg8sVoVcQ==",
      "dependencies": {
        "safe-buffer": "^5.0.1"
      }
    },
    "node_modules/ee-first": {
      "version": "1.1.1",
      "resolved": "https://registry.npmjs.org/ee-first/-/ee-first-1.1.1.tgz",
      "integrity": "sha512-WMwm9LhRUo+WUaRN+vRuETqG89IgZphVSNkdFgeb6sS/E4OrDIN7t48CAewSHXc6C8lefD8KKfr5vY61brQlow=="
    },
    "node_modules/emoji-regex": {
      "version": "8.0.0",
      "resolved": "https://registry.npmjs.org/emoji-regex/-/emoji-regex-8.0.0.tgz",
      "integrity": "sha512-MSjYzcWNOA0ewAHpz0MxpYFvwg6yjy1NG3xteoqz644VCo/RPgnr1/GGt+ic3iJTzQ8Eu3TdM14SawnVUmGE6A=="
    },
    "node_modules/encodeurl": {
      "version": "2.0.0",
      "resolved": "https://registry.npmjs.org/encodeurl/-/encodeurl-2.0.0.tgz",
      "integrity": "sha512-Q0n9HRi4m6JuGIV1eFlmvJB7ZEVxu93IrMyiMsGC0lrMJMWzRgx6WGquyfQgZVb31vhGgXnfmPNNXmxnOkRBrg==",
      "engines": {
        "node": ">= 0.8"
      }
    },
    "node_modules/es-define-property": {
      "version": "1.0.0",
      "resolved": "https://registry.npmjs.org/es-define-property/-/es-define-property-1.0.0.tgz",
      "integrity": "sha512-jxayLKShrEqqzJ0eumQbVhTYQM27CfT1T35+gCgDFoL82JLsXqTJ76zv6A0YLOgEnLUMvLzsDsGIrl8NFpT2gQ==",
      "dependencies": {
        "get-intrinsic": "^1.2.4"
      },
      "engines": {
        "node": ">= 0.4"
      }
    },
    "node_modules/es-errors": {
      "version": "1.3.0",
      "resolved": "https://registry.npmjs.org/es-errors/-/es-errors-1.3.0.tgz",
      "integrity": "sha512-Zf5H2Kxt2xjTvbJvP2ZWLEICxA6j+hAmMzIlypy4xcBg1vKVnx89Wy0GbS+kf5cwCVFFzdCFh2XSCFNULS6csw==",
      "engines": {
        "node": ">= 0.4"
      }
    },
    "node_modules/escalade": {
      "version": "3.2.0",
      "resolved": "https://registry.npmjs.org/escalade/-/escalade-3.2.0.tgz",
      "integrity": "sha512-WUj2qlxaQtO4g6Pq5c29GTcWGDyd8itL8zTlipgECz3JesAiiOKotd8JU6otB3PACgG6xkJUyVhboMS+bje/jA==",
      "engines": {
        "node": ">=6"
      }
    },
    "node_modules/escape-html": {
      "version": "1.0.3",
      "resolved": "https://registry.npmjs.org/escape-html/-/escape-html-1.0.3.tgz",
      "integrity": "sha512-NiSupZ4OeuGwr68lGIeym/ksIZMJodUGOSCZ/FSnTxcrekbvqrgdUxlJOMpijaKZVjAJrWrGs/6Jy8OMuyj9ow=="
    },
    "node_modules/etag": {
      "version": "1.8.1",
      "resolved": "https://registry.npmjs.org/etag/-/etag-1.8.1.tgz",
      "integrity": "sha512-aIL5Fx7mawVa300al2BnEE4iNvo1qETxLrPI/o05L7z6go7fCw1J6EQmbK4FmJ2AS7kgVF/KEZWufBfdClMcPg==",
      "engines": {
        "node": ">= 0.6"
      }
    },
    "node_modules/express": {
      "version": "4.21.1",
      "resolved": "https://registry.npmjs.org/express/-/express-4.21.1.tgz",
      "integrity": "sha512-YSFlK1Ee0/GC8QaO91tHcDxJiE/X4FbpAyQWkxAvG6AXCuR65YzK8ua6D9hvi/TzUfZMpc+BwuM1IPw8fmQBiQ==",
      "dependencies": {
        "accepts": "~1.3.8",
        "array-flatten": "1.1.1",
        "body-parser": "1.20.3",
        "content-disposition": "0.5.4",
        "content-type": "~1.0.4",
        "cookie": "0.7.1",
        "cookie-signature": "1.0.6",
        "debug": "2.6.9",
        "depd": "2.0.0",
        "encodeurl": "~2.0.0",
        "escape-html": "~1.0.3",
        "etag": "~1.8.1",
        "finalhandler": "1.3.1",
        "fresh": "0.5.2",
        "http-errors": "2.0.0",
        "merge-descriptors": "1.0.3",
        "methods": "~1.1.2",
        "on-finished": "2.4.1",
        "parseurl": "~1.3.3",
        "path-to-regexp": "0.1.10",
        "proxy-addr": "~2.0.7",
        "qs": "6.13.0",
        "range-parser": "~1.2.1",
        "safe-buffer": "5.2.1",
        "send": "0.19.0",
        "serve-static": "1.16.2",
        "setprototypeof": "1.2.0",
        "statuses": "2.0.1",
        "type-is": "~1.6.18",
        "utils-merge": "1.0.1",
        "vary": "~1.1.2"
      },
      "engines": {
        "node": ">= 0.10.0"
      }
    },
    "node_modules/faye-websocket": {
      "version": "0.11.4",
      "resolved": "https://registry.npmjs.org/faye-websocket/-/faye-websocket-0.11.4.tgz",
      "integrity": "sha512-CzbClwlXAuiRQAlUyfqPgvPoNKTckTPGfwZV4ZdAhVcP2lh9KUxJg2b5GkE7XbjKQ3YJnQ9z6D9ntLAlB+tP8g==",
      "dependencies": {
        "websocket-driver": ">=0.5.1"
      },
      "engines": {
        "node": ">=0.8.0"
      }
    },
    "node_modules/finalhandler": {
      "version": "1.3.1",
      "resolved": "https://registry.npmjs.org/finalhandler/-/finalhandler-1.3.1.tgz",
      "integrity": "sha512-6BN9trH7bp3qvnrRyzsBz+g3lZxTNZTbVO2EV1CS0WIcDbawYVdYvGflME/9QP0h0pYlCDBCTjYa9nZzMDpyxQ==",
      "dependencies": {
        "debug": "2.6.9",
        "encodeurl": "~2.0.0",
        "escape-html": "~1.0.3",
        "on-finished": "2.4.1",
        "parseurl": "~1.3.3",
        "statuses": "2.0.1",
        "unpipe": "~1.0.0"
      },
      "engines": {
        "node": ">= 0.8"
      }
    },
    "node_modules/firebase": {
      "version": "11.0.1",
      "resolved": "https://registry.npmjs.org/firebase/-/firebase-11.0.1.tgz",
      "integrity": "sha512-qsFb8dMcQINEDhJteG7RP+GqwgSRvfyiexQqHd5JToDdm87i9I2rGC4XQsGawKGxzKwZ/ISdgwNWxXAFYdCC6A==",
      "dependencies": {
        "@firebase/analytics": "0.10.9",
        "@firebase/analytics-compat": "0.2.15",
        "@firebase/app": "0.10.15",
        "@firebase/app-check": "0.8.9",
        "@firebase/app-check-compat": "0.3.16",
        "@firebase/app-compat": "0.2.45",
        "@firebase/app-types": "0.9.2",
        "@firebase/auth": "1.8.0",
        "@firebase/auth-compat": "0.5.15",
        "@firebase/data-connect": "0.1.1",
        "@firebase/database": "1.0.9",
        "@firebase/database-compat": "2.0.0",
        "@firebase/firestore": "4.7.4",
        "@firebase/firestore-compat": "0.3.39",
        "@firebase/functions": "0.11.9",
        "@firebase/functions-compat": "0.3.15",
        "@firebase/installations": "0.6.10",
        "@firebase/installations-compat": "0.2.10",
        "@firebase/messaging": "0.12.13",
        "@firebase/messaging-compat": "0.2.13",
        "@firebase/performance": "0.6.10",
        "@firebase/performance-compat": "0.2.10",
        "@firebase/remote-config": "0.4.10",
        "@firebase/remote-config-compat": "0.2.10",
        "@firebase/storage": "0.13.3",
        "@firebase/storage-compat": "0.3.13",
        "@firebase/util": "1.10.1",
        "@firebase/vertexai": "1.0.0"
      }
    },
    "node_modules/forwarded": {
      "version": "0.2.0",
      "resolved": "https://registry.npmjs.org/forwarded/-/forwarded-0.2.0.tgz",
      "integrity": "sha512-buRG0fpBtRHSTCOASe6hD258tEubFoRLb4ZNA6NxMVHNw2gOcwHo9wyablzMzOA5z9xA9L1KNjk/Nt6MT9aYow==",
      "engines": {
        "node": ">= 0.6"
      }
    },
    "node_modules/fresh": {
      "version": "0.5.2",
      "resolved": "https://registry.npmjs.org/fresh/-/fresh-0.5.2.tgz",
      "integrity": "sha512-zJ2mQYM18rEFOudeV4GShTGIQ7RbzA7ozbU9I/XBpm7kqgMywgmylMwXHxZJmkVoYkna9d2pVXVXPdYTP9ej8Q==",
      "engines": {
        "node": ">= 0.6"
      }
    },
    "node_modules/function-bind": {
      "version": "1.1.2",
      "resolved": "https://registry.npmjs.org/function-bind/-/function-bind-1.1.2.tgz",
      "integrity": "sha512-7XHNxH7qX9xG5mIwxkhumTox/MIRNcOgDrxWsMt2pAr23WHp6MrRlN7FBSFpCpr+oVO0F744iUgR82nJMfG2SA==",
      "funding": {
        "url": "https://github.com/sponsors/ljharb"
      }
    },
    "node_modules/get-caller-file": {
      "version": "2.0.5",
      "resolved": "https://registry.npmjs.org/get-caller-file/-/get-caller-file-2.0.5.tgz",
      "integrity": "sha512-DyFP3BM/3YHTQOCUL/w0OZHR0lpKeGrxotcHWcqNEdnltqFwXVfhEBQ94eIo34AfQpo0rGki4cyIiftY06h2Fg==",
      "engines": {
        "node": "6.* || 8.* || >= 10.*"
      }
    },
    "node_modules/get-intrinsic": {
      "version": "1.2.4",
      "resolved": "https://registry.npmjs.org/get-intrinsic/-/get-intrinsic-1.2.4.tgz",
      "integrity": "sha512-5uYhsJH8VJBTv7oslg4BznJYhDoRI6waYCxMmCdnTrcCrHA/fCFKoTFz2JKKE0HdDFUF7/oQuhzumXJK7paBRQ==",
      "dependencies": {
        "es-errors": "^1.3.0",
        "function-bind": "^1.1.2",
        "has-proto": "^1.0.1",
        "has-symbols": "^1.0.3",
        "hasown": "^2.0.0"
      },
      "engines": {
        "node": ">= 0.4"
      },
      "funding": {
        "url": "https://github.com/sponsors/ljharb"
      }
    },
    "node_modules/gopd": {
      "version": "1.0.1",
      "resolved": "https://registry.npmjs.org/gopd/-/gopd-1.0.1.tgz",
      "integrity": "sha512-d65bNlIadxvpb/A2abVdlqKqV563juRnZ1Wtk6s1sIR8uNsXR70xqIzVqxVf1eTqDunwT2MkczEeaezCKTZhwA==",
      "dependencies": {
        "get-intrinsic": "^1.1.3"
      },
      "funding": {
        "url": "https://github.com/sponsors/ljharb"
      }
    },
    "node_modules/has-property-descriptors": {
      "version": "1.0.2",
      "resolved": "https://registry.npmjs.org/has-property-descriptors/-/has-property-descriptors-1.0.2.tgz",
      "integrity": "sha512-55JNKuIW+vq4Ke1BjOTjM2YctQIvCT7GFzHwmfZPGo5wnrgkid0YQtnAleFSqumZm4az3n2BS+erby5ipJdgrg==",
      "dependencies": {
        "es-define-property": "^1.0.0"
      },
      "funding": {
        "url": "https://github.com/sponsors/ljharb"
      }
    },
    "node_modules/has-proto": {
      "version": "1.0.3",
      "resolved": "https://registry.npmjs.org/has-proto/-/has-proto-1.0.3.tgz",
      "integrity": "sha512-SJ1amZAJUiZS+PhsVLf5tGydlaVB8EdFpaSO4gmiUKUOxk8qzn5AIy4ZeJUmh22znIdk/uMAUT2pl3FxzVUH+Q==",
      "engines": {
        "node": ">= 0.4"
      },
      "funding": {
        "url": "https://github.com/sponsors/ljharb"
      }
    },
    "node_modules/has-symbols": {
      "version": "1.0.3",
      "resolved": "https://registry.npmjs.org/has-symbols/-/has-symbols-1.0.3.tgz",
      "integrity": "sha512-l3LCuF6MgDNwTDKkdYGEihYjt5pRPbEg46rtlmnSPlUbgmB8LOIrKJbYYFBSbnPaJexMKtiPO8hmeRjRz2Td+A==",
      "engines": {
        "node": ">= 0.4"
      },
      "funding": {
        "url": "https://github.com/sponsors/ljharb"
      }
    },
    "node_modules/hasown": {
      "version": "2.0.2",
      "resolved": "https://registry.npmjs.org/hasown/-/hasown-2.0.2.tgz",
      "integrity": "sha512-0hJU9SCPvmMzIBdZFqNPXWa6dqh7WdH0cII9y+CyS8rG3nL48Bclra9HmKhVVUHyPWNH5Y7xDwAB7bfgSjkUMQ==",
      "dependencies": {
        "function-bind": "^1.1.2"
      },
      "engines": {
        "node": ">= 0.4"
      }
    },
    "node_modules/http-errors": {
      "version": "2.0.0",
      "resolved": "https://registry.npmjs.org/http-errors/-/http-errors-2.0.0.tgz",
      "integrity": "sha512-FtwrG/euBzaEjYeRqOgly7G0qviiXoJWnvEH2Z1plBdXgbyjv34pHTSb9zoeHMyDy33+DWy5Wt9Wo+TURtOYSQ==",
      "dependencies": {
        "depd": "2.0.0",
        "inherits": "2.0.4",
        "setprototypeof": "1.2.0",
        "statuses": "2.0.1",
        "toidentifier": "1.0.1"
      },
      "engines": {
        "node": ">= 0.8"
      }
    },
    "node_modules/http-parser-js": {
      "version": "0.5.8",
      "resolved": "https://registry.npmjs.org/http-parser-js/-/http-parser-js-0.5.8.tgz",
      "integrity": "sha512-SGeBX54F94Wgu5RH3X5jsDtf4eHyRogWX1XGT3b4HuW3tQPM4AaBzoUji/4AAJNXCEOWZ5O0DgZmJw1947gD5Q=="
    },
    "node_modules/iconv-lite": {
      "version": "0.4.24",
      "resolved": "https://registry.npmjs.org/iconv-lite/-/iconv-lite-0.4.24.tgz",
      "integrity": "sha512-v3MXnZAcvnywkTUEZomIActle7RXXeedOR31wwl7VlyoXO4Qi9arvSenNQWne1TcRwhCL1HwLI21bEqdpj8/rA==",
      "dependencies": {
        "safer-buffer": ">= 2.1.2 < 3"
      },
      "engines": {
        "node": ">=0.10.0"
      }
    },
    "node_modules/idb": {
      "version": "7.1.1",
      "resolved": "https://registry.npmjs.org/idb/-/idb-7.1.1.tgz",
      "integrity": "sha512-gchesWBzyvGHRO9W8tzUWFDycow5gwjvFKfyV9FF32Y7F50yZMp7mP+T2mJIWFx49zicqyC4uefHM17o6xKIVQ=="
    },
    "node_modules/inherits": {
      "version": "2.0.4",
      "resolved": "https://registry.npmjs.org/inherits/-/inherits-2.0.4.tgz",
      "integrity": "sha512-k/vGaX4/Yla3WzyMCvTQOXYeIHvqOKtnqBduzTHpzpQZzAskKMhZ2K+EnBiSM9zGSoIFeMpXKxa4dYeZIQqewQ=="
    },
    "node_modules/ipaddr.js": {
      "version": "1.9.1",
      "resolved": "https://registry.npmjs.org/ipaddr.js/-/ipaddr.js-1.9.1.tgz",
      "integrity": "sha512-0KI/607xoxSToH7GjN1FfSbLoU0+btTicjsQSWQlh/hZykN8KpmMf7uYwPW3R+akZ6R/w18ZlXSHBYXiYUPO3g==",
      "engines": {
        "node": ">= 0.10"
      }
    },
    "node_modules/is-fullwidth-code-point": {
      "version": "3.0.0",
      "resolved": "https://registry.npmjs.org/is-fullwidth-code-point/-/is-fullwidth-code-point-3.0.0.tgz",
      "integrity": "sha512-zymm5+u+sCsSWyD9qNaejV3DFvhCKclKdizYaJUuHA83RLjb7nSuGnddCHGv0hk+KY7BMAlsWeK4Ueg6EV6XQg==",
      "engines": {
        "node": ">=8"
      }
    },
    "node_modules/jsonwebtoken": {
      "version": "9.0.2",
      "resolved": "https://registry.npmjs.org/jsonwebtoken/-/jsonwebtoken-9.0.2.tgz",
      "integrity": "sha512-PRp66vJ865SSqOlgqS8hujT5U4AOgMfhrwYIuIhfKaoSCZcirrmASQr8CX7cUg+RMih+hgznrjp99o+W4pJLHQ==",
      "dependencies": {
        "jws": "^3.2.2",
        "lodash.includes": "^4.3.0",
        "lodash.isboolean": "^3.0.3",
        "lodash.isinteger": "^4.0.4",
        "lodash.isnumber": "^3.0.3",
        "lodash.isplainobject": "^4.0.6",
        "lodash.isstring": "^4.0.1",
        "lodash.once": "^4.0.0",
        "ms": "^2.1.1",
        "semver": "^7.5.4"
      },
      "engines": {
        "node": ">=12",
        "npm": ">=6"
      }
    },
    "node_modules/jsonwebtoken/node_modules/ms": {
      "version": "2.1.3",
      "resolved": "https://registry.npmjs.org/ms/-/ms-2.1.3.tgz",
      "integrity": "sha512-6FlzubTLZG3J2a/NVCAleEhjzq5oxgHyaCU9yYXvcLsvoVaHJq/s5xXI6/XXP6tz7R9xAOtHnSO/tXtF3WRTlA=="
    },
    "node_modules/jwa": {
      "version": "1.4.1",
      "resolved": "https://registry.npmjs.org/jwa/-/jwa-1.4.1.tgz",
      "integrity": "sha512-qiLX/xhEEFKUAJ6FiBMbes3w9ATzyk5W7Hvzpa/SLYdxNtng+gcurvrI7TbACjIXlsJyr05/S1oUhZrc63evQA==",
      "dependencies": {
        "buffer-equal-constant-time": "1.0.1",
        "ecdsa-sig-formatter": "1.0.11",
        "safe-buffer": "^5.0.1"
      }
    },
    "node_modules/jws": {
      "version": "3.2.2",
      "resolved": "https://registry.npmjs.org/jws/-/jws-3.2.2.tgz",
      "integrity": "sha512-YHlZCB6lMTllWDtSPHz/ZXTsi8S00usEV6v1tjq8tOUZzw7DpSDWVXjXDre6ed1w/pd495ODpHZYSdkRTsa0HA==",
      "dependencies": {
        "jwa": "^1.4.1",
        "safe-buffer": "^5.0.1"
      }
    },
    "node_modules/kareem": {
      "version": "2.6.3",
      "resolved": "https://registry.npmjs.org/kareem/-/kareem-2.6.3.tgz",
      "integrity": "sha512-C3iHfuGUXK2u8/ipq9LfjFfXFxAZMQJJq7vLS45r3D9Y2xQ/m4S8zaR4zMLFWh9AsNPXmcFfUDhTEO8UIC/V6Q==",
      "engines": {
        "node": ">=12.0.0"
      }
    },
    "node_modules/lodash.camelcase": {
      "version": "4.3.0",
      "resolved": "https://registry.npmjs.org/lodash.camelcase/-/lodash.camelcase-4.3.0.tgz",
      "integrity": "sha512-TwuEnCnxbc3rAvhf/LbG7tJUDzhqXyFnv3dtzLOPgCG/hODL7WFnsbwktkD7yUV0RrreP/l1PALq/YSg6VvjlA=="
    },
    "node_modules/lodash.includes": {
      "version": "4.3.0",
      "resolved": "https://registry.npmjs.org/lodash.includes/-/lodash.includes-4.3.0.tgz",
      "integrity": "sha512-W3Bx6mdkRTGtlJISOvVD/lbqjTlPPUDTMnlXZFnVwi9NKJ6tiAk6LVdlhZMm17VZisqhKcgzpO5Wz91PCt5b0w=="
    },
    "node_modules/lodash.isboolean": {
      "version": "3.0.3",
      "resolved": "https://registry.npmjs.org/lodash.isboolean/-/lodash.isboolean-3.0.3.tgz",
      "integrity": "sha512-Bz5mupy2SVbPHURB98VAcw+aHh4vRV5IPNhILUCsOzRmsTmSQ17jIuqopAentWoehktxGd9e/hbIXq980/1QJg=="
    },
    "node_modules/lodash.isinteger": {
      "version": "4.0.4",
      "resolved": "https://registry.npmjs.org/lodash.isinteger/-/lodash.isinteger-4.0.4.tgz",
      "integrity": "sha512-DBwtEWN2caHQ9/imiNeEA5ys1JoRtRfY3d7V9wkqtbycnAmTvRRmbHKDV4a0EYc678/dia0jrte4tjYwVBaZUA=="
    },
    "node_modules/lodash.isnumber": {
      "version": "3.0.3",
      "resolved": "https://registry.npmjs.org/lodash.isnumber/-/lodash.isnumber-3.0.3.tgz",
      "integrity": "sha512-QYqzpfwO3/CWf3XP+Z+tkQsfaLL/EnUlXWVkIk5FUPc4sBdTehEqZONuyRt2P67PXAk+NXmTBcc97zw9t1FQrw=="
    },
    "node_modules/lodash.isplainobject": {
      "version": "4.0.6",
      "resolved": "https://registry.npmjs.org/lodash.isplainobject/-/lodash.isplainobject-4.0.6.tgz",
      "integrity": "sha512-oSXzaWypCMHkPC3NvBEaPHf0KsA5mvPrOPgQWDsbg8n7orZ290M0BmC/jgRZ4vcJ6DTAhjrsSYgdsW/F+MFOBA=="
    },
    "node_modules/lodash.isstring": {
      "version": "4.0.1",
      "resolved": "https://registry.npmjs.org/lodash.isstring/-/lodash.isstring-4.0.1.tgz",
      "integrity": "sha512-0wJxfxH1wgO3GrbuP+dTTk7op+6L41QCXbGINEmD+ny/G/eCqGzxyCsh7159S+mgDDcoarnBw6PC1PS5+wUGgw=="
    },
    "node_modules/lodash.once": {
      "version": "4.1.1",
      "resolved": "https://registry.npmjs.org/lodash.once/-/lodash.once-4.1.1.tgz",
      "integrity": "sha512-Sb487aTOCr9drQVL8pIxOzVhafOjZN9UU54hiN8PU3uAiSV7lx1yYNpbNmex2PK6dSJoNTSJUUswT651yww3Mg=="
    },
    "node_modules/long": {
      "version": "5.2.3",
      "resolved": "https://registry.npmjs.org/long/-/long-5.2.3.tgz",
      "integrity": "sha512-lcHwpNoggQTObv5apGNCTdJrO69eHOZMi4BNC+rTLER8iHAqGrUVeLh/irVIM7zTw2bOXA8T6uNPeujwOLg/2Q=="
    },
    "node_modules/media-typer": {
      "version": "0.3.0",
      "resolved": "https://registry.npmjs.org/media-typer/-/media-typer-0.3.0.tgz",
      "integrity": "sha512-dq+qelQ9akHpcOl/gUVRTxVIOkAJ1wR3QAvb4RsVjS8oVoFjDGTc679wJYmUmknUF5HwMLOgb5O+a3KxfWapPQ==",
      "engines": {
        "node": ">= 0.6"
      }
    },
    "node_modules/memory-pager": {
      "version": "1.5.0",
      "resolved": "https://registry.npmjs.org/memory-pager/-/memory-pager-1.5.0.tgz",
      "integrity": "sha512-ZS4Bp4r/Zoeq6+NLJpP+0Zzm0pR8whtGPf1XExKLJBAczGMnSi3It14OiNCStjQjM6NU1okjQGSxgEZN8eBYKg=="
    },
    "node_modules/merge-descriptors": {
      "version": "1.0.3",
      "resolved": "https://registry.npmjs.org/merge-descriptors/-/merge-descriptors-1.0.3.tgz",
      "integrity": "sha512-gaNvAS7TZ897/rVaZ0nMtAyxNyi/pdbjbAwUpFQpN70GqnVfOiXpeUUMKRBmzXaSQ8DdTX4/0ms62r2K+hE6mQ==",
      "funding": {
        "url": "https://github.com/sponsors/sindresorhus"
      }
    },
    "node_modules/methods": {
      "version": "1.1.2",
      "resolved": "https://registry.npmjs.org/methods/-/methods-1.1.2.tgz",
      "integrity": "sha512-iclAHeNqNm68zFtnZ0e+1L2yUIdvzNoauKU4WBA3VvH/vPFieF7qfRlwUZU+DA9P9bPXIS90ulxoUoCH23sV2w==",
      "engines": {
        "node": ">= 0.6"
      }
    },
    "node_modules/mime": {
      "version": "1.6.0",
      "resolved": "https://registry.npmjs.org/mime/-/mime-1.6.0.tgz",
      "integrity": "sha512-x0Vn8spI+wuJ1O6S7gnbaQg8Pxh4NNHb7KSINmEWKiPE4RKOplvijn+NkmYmmRgP68mc70j2EbeTFRsrswaQeg==",
      "bin": {
        "mime": "cli.js"
      },
      "engines": {
        "node": ">=4"
      }
    },
    "node_modules/mime-db": {
      "version": "1.52.0",
      "resolved": "https://registry.npmjs.org/mime-db/-/mime-db-1.52.0.tgz",
      "integrity": "sha512-sPU4uV7dYlvtWJxwwxHD0PuihVNiE7TyAbQ5SWxDCB9mUYvOgroQOwYQQOKPJ8CIbE+1ETVlOoK1UC2nU3gYvg==",
      "engines": {
        "node": ">= 0.6"
      }
    },
    "node_modules/mime-types": {
      "version": "2.1.35",
      "resolved": "https://registry.npmjs.org/mime-types/-/mime-types-2.1.35.tgz",
      "integrity": "sha512-ZDY+bPm5zTTF+YpCrAU9nK0UgICYPT0QtT1NZWFv4s++TNkcgVaT0g6+4R2uI4MjQjzysHB1zxuWL50hzaeXiw==",
      "dependencies": {
        "mime-db": "1.52.0"
      },
      "engines": {
        "node": ">= 0.6"
      }
    },
    "node_modules/mongodb": {
      "version": "6.10.0",
      "resolved": "https://registry.npmjs.org/mongodb/-/mongodb-6.10.0.tgz",
      "integrity": "sha512-gP9vduuYWb9ZkDM546M+MP2qKVk5ZG2wPF63OvSRuUbqCR+11ZCAE1mOfllhlAG0wcoJY5yDL/rV3OmYEwXIzg==",
      "dependencies": {
        "@mongodb-js/saslprep": "^1.1.5",
        "bson": "^6.7.0",
        "mongodb-connection-string-url": "^3.0.0"
      },
      "engines": {
        "node": ">=16.20.1"
      },
      "peerDependencies": {
        "@aws-sdk/credential-providers": "^3.188.0",
        "@mongodb-js/zstd": "^1.1.0",
        "gcp-metadata": "^5.2.0",
        "kerberos": "^2.0.1",
        "mongodb-client-encryption": ">=6.0.0 <7",
        "snappy": "^7.2.2",
        "socks": "^2.7.1"
      },
      "peerDependenciesMeta": {
        "@aws-sdk/credential-providers": {
          "optional": true
        },
        "@mongodb-js/zstd": {
          "optional": true
        },
        "gcp-metadata": {
          "optional": true
        },
        "kerberos": {
          "optional": true
        },
        "mongodb-client-encryption": {
          "optional": true
        },
        "snappy": {
          "optional": true
        },
        "socks": {
          "optional": true
        }
      }
    },
    "node_modules/mongodb-connection-string-url": {
      "version": "3.0.1",
      "resolved": "https://registry.npmjs.org/mongodb-connection-string-url/-/mongodb-connection-string-url-3.0.1.tgz",
      "integrity": "sha512-XqMGwRX0Lgn05TDB4PyG2h2kKO/FfWJyCzYQbIhXUxz7ETt0I/FqHjUeqj37irJ+Dl1ZtU82uYyj14u2XsZKfg==",
      "dependencies": {
        "@types/whatwg-url": "^11.0.2",
        "whatwg-url": "^13.0.0"
      }
    },
    "node_modules/mongoose": {
      "version": "8.8.0",
      "resolved": "https://registry.npmjs.org/mongoose/-/mongoose-8.8.0.tgz",
      "integrity": "sha512-KluvgwnQB1GPOYZZXUHJRjS1TW6xxwTlf/YgjWExuuNanIe3W7VcR7dDXQVCIRk8L7NYge8EnoTcu2grWtN+XQ==",
      "dependencies": {
        "bson": "^6.7.0",
        "kareem": "2.6.3",
        "mongodb": "~6.10.0",
        "mpath": "0.9.0",
        "mquery": "5.0.0",
        "ms": "2.1.3",
        "sift": "17.1.3"
      },
      "engines": {
        "node": ">=16.20.1"
      },
      "funding": {
        "type": "opencollective",
        "url": "https://opencollective.com/mongoose"
      }
    },
    "node_modules/mongoose/node_modules/ms": {
      "version": "2.1.3",
      "resolved": "https://registry.npmjs.org/ms/-/ms-2.1.3.tgz",
      "integrity": "sha512-6FlzubTLZG3J2a/NVCAleEhjzq5oxgHyaCU9yYXvcLsvoVaHJq/s5xXI6/XXP6tz7R9xAOtHnSO/tXtF3WRTlA=="
    },
    "node_modules/mpath": {
      "version": "0.9.0",
      "resolved": "https://registry.npmjs.org/mpath/-/mpath-0.9.0.tgz",
      "integrity": "sha512-ikJRQTk8hw5DEoFVxHG1Gn9T/xcjtdnOKIU1JTmGjZZlg9LST2mBLmcX3/ICIbgJydT2GOc15RnNy5mHmzfSew==",
      "engines": {
        "node": ">=4.0.0"
      }
    },
    "node_modules/mquery": {
      "version": "5.0.0",
      "resolved": "https://registry.npmjs.org/mquery/-/mquery-5.0.0.tgz",
      "integrity": "sha512-iQMncpmEK8R8ncT8HJGsGc9Dsp8xcgYMVSbs5jgnm1lFHTZqMJTUWTDx1LBO8+mK3tPNZWFLBghQEIOULSTHZg==",
      "dependencies": {
        "debug": "4.x"
      },
      "engines": {
        "node": ">=14.0.0"
      }
    },
    "node_modules/mquery/node_modules/debug": {
      "version": "4.3.7",
      "resolved": "https://registry.npmjs.org/debug/-/debug-4.3.7.tgz",
      "integrity": "sha512-Er2nc/H7RrMXZBFCEim6TCmMk02Z8vLC2Rbi1KEBggpo0fS6l0S1nnapwmIi3yW/+GOJap1Krg4w0Hg80oCqgQ==",
      "dependencies": {
        "ms": "^2.1.3"
      },
      "engines": {
        "node": ">=6.0"
      },
      "peerDependenciesMeta": {
        "supports-color": {
          "optional": true
        }
      }
    },
    "node_modules/mquery/node_modules/ms": {
      "version": "2.1.3",
      "resolved": "https://registry.npmjs.org/ms/-/ms-2.1.3.tgz",
      "integrity": "sha512-6FlzubTLZG3J2a/NVCAleEhjzq5oxgHyaCU9yYXvcLsvoVaHJq/s5xXI6/XXP6tz7R9xAOtHnSO/tXtF3WRTlA=="
    },
    "node_modules/ms": {
      "version": "2.0.0",
      "resolved": "https://registry.npmjs.org/ms/-/ms-2.0.0.tgz",
      "integrity": "sha512-Tpp60P6IUJDTuOq/5Z8cdskzJujfwqfOTkrwIwj7IRISpnkJnT6SyJ4PCPnGMoFjC9ddhal5KVIYtAt97ix05A=="
    },
    "node_modules/negotiator": {
      "version": "0.6.3",
      "resolved": "https://registry.npmjs.org/negotiator/-/negotiator-0.6.3.tgz",
      "integrity": "sha512-+EUsqGPLsM+j/zdChZjsnX51g4XrHFOIXwfnCVPGlQk/k5giakcKsuxCObBRu6DSm9opw/O6slWbJdghQM4bBg==",
      "engines": {
        "node": ">= 0.6"
      }
    },
    "node_modules/object-inspect": {
      "version": "1.13.2",
      "resolved": "https://registry.npmjs.org/object-inspect/-/object-inspect-1.13.2.tgz",
      "integrity": "sha512-IRZSRuzJiynemAXPYtPe5BoI/RESNYR7TYm50MC5Mqbd3Jmw5y790sErYw3V6SryFJD64b74qQQs9wn5Bg/k3g==",
      "engines": {
        "node": ">= 0.4"
      },
      "funding": {
        "url": "https://github.com/sponsors/ljharb"
      }
    },
    "node_modules/on-finished": {
      "version": "2.4.1",
      "resolved": "https://registry.npmjs.org/on-finished/-/on-finished-2.4.1.tgz",
      "integrity": "sha512-oVlzkg3ENAhCk2zdv7IJwd/QUD4z2RxRwpkcGY8psCVcCYZNq4wYnVWALHM+brtuJjePWiYF/ClmuDr8Ch5+kg==",
      "dependencies": {
        "ee-first": "1.1.1"
      },
      "engines": {
        "node": ">= 0.8"
      }
    },
    "node_modules/parseurl": {
      "version": "1.3.3",
      "resolved": "https://registry.npmjs.org/parseurl/-/parseurl-1.3.3.tgz",
      "integrity": "sha512-CiyeOxFT/JZyN5m0z9PfXw4SCBJ6Sygz1Dpl0wqjlhDEGGBP1GnsUVEL0p63hoG1fcj3fHynXi9NYO4nWOL+qQ==",
      "engines": {
        "node": ">= 0.8"
      }
    },
    "node_modules/path-to-regexp": {
      "version": "0.1.10",
      "resolved": "https://registry.npmjs.org/path-to-regexp/-/path-to-regexp-0.1.10.tgz",
      "integrity": "sha512-7lf7qcQidTku0Gu3YDPc8DJ1q7OOucfa/BSsIwjuh56VU7katFvuM8hULfkwB3Fns/rsVF7PwPKVw1sl5KQS9w=="
    },
    "node_modules/protobufjs": {
      "version": "7.4.0",
      "resolved": "https://registry.npmjs.org/protobufjs/-/protobufjs-7.4.0.tgz",
      "integrity": "sha512-mRUWCc3KUU4w1jU8sGxICXH/gNS94DvI1gxqDvBzhj1JpcsimQkYiOJfwsPUykUI5ZaspFbSgmBLER8IrQ3tqw==",
      "hasInstallScript": true,
      "dependencies": {
        "@protobufjs/aspromise": "^1.1.2",
        "@protobufjs/base64": "^1.1.2",
        "@protobufjs/codegen": "^2.0.4",
        "@protobufjs/eventemitter": "^1.1.0",
        "@protobufjs/fetch": "^1.1.0",
        "@protobufjs/float": "^1.0.2",
        "@protobufjs/inquire": "^1.1.0",
        "@protobufjs/path": "^1.1.2",
        "@protobufjs/pool": "^1.1.0",
        "@protobufjs/utf8": "^1.1.0",
        "@types/node": ">=13.7.0",
        "long": "^5.0.0"
      },
      "engines": {
        "node": ">=12.0.0"
      }
    },
    "node_modules/proxy-addr": {
      "version": "2.0.7",
      "resolved": "https://registry.npmjs.org/proxy-addr/-/proxy-addr-2.0.7.tgz",
      "integrity": "sha512-llQsMLSUDUPT44jdrU/O37qlnifitDP+ZwrmmZcoSKyLKvtZxpyV0n2/bD/N4tBAAZ/gJEdZU7KMraoK1+XYAg==",
      "dependencies": {
        "forwarded": "0.2.0",
        "ipaddr.js": "1.9.1"
      },
      "engines": {
        "node": ">= 0.10"
      }
    },
    "node_modules/punycode": {
      "version": "2.3.1",
      "resolved": "https://registry.npmjs.org/punycode/-/punycode-2.3.1.tgz",
      "integrity": "sha512-vYt7UD1U9Wg6138shLtLOvdAu+8DsC/ilFtEVHcH+wydcSpNE20AfSOduf6MkRFahL5FY7X1oU7nKVZFtfq8Fg==",
      "engines": {
        "node": ">=6"
      }
    },
    "node_modules/qs": {
      "version": "6.13.0",
      "resolved": "https://registry.npmjs.org/qs/-/qs-6.13.0.tgz",
      "integrity": "sha512-+38qI9SOr8tfZ4QmJNplMUxqjbe7LKvvZgWdExBOmd+egZTtjLB67Gu0HRX3u/XOq7UU2Nx6nsjvS16Z9uwfpg==",
      "dependencies": {
        "side-channel": "^1.0.6"
      },
      "engines": {
        "node": ">=0.6"
      },
      "funding": {
        "url": "https://github.com/sponsors/ljharb"
      }
    },
    "node_modules/range-parser": {
      "version": "1.2.1",
      "resolved": "https://registry.npmjs.org/range-parser/-/range-parser-1.2.1.tgz",
      "integrity": "sha512-Hrgsx+orqoygnmhFbKaHE6c296J+HTAQXoxEF6gNupROmmGJRoyzfG3ccAveqCBrwr/2yxQ5BVd/GTl5agOwSg==",
      "engines": {
        "node": ">= 0.6"
      }
    },
    "node_modules/raw-body": {
      "version": "2.5.2",
      "resolved": "https://registry.npmjs.org/raw-body/-/raw-body-2.5.2.tgz",
      "integrity": "sha512-8zGqypfENjCIqGhgXToC8aB2r7YrBX+AQAfIPs/Mlk+BtPTztOvTS01NRW/3Eh60J+a48lt8qsCzirQ6loCVfA==",
      "dependencies": {
        "bytes": "3.1.2",
        "http-errors": "2.0.0",
        "iconv-lite": "0.4.24",
        "unpipe": "1.0.0"
      },
      "engines": {
        "node": ">= 0.8"
      }
    },
    "node_modules/require-directory": {
      "version": "2.1.1",
      "resolved": "https://registry.npmjs.org/require-directory/-/require-directory-2.1.1.tgz",
      "integrity": "sha512-fGxEI7+wsG9xrvdjsrlmL22OMTTiHRwAMroiEeMgq8gzoLC/PQr7RsRDSTLUg/bZAZtF+TVIkHc6/4RIKrui+Q==",
      "engines": {
        "node": ">=0.10.0"
      }
    },
    "node_modules/safe-buffer": {
      "version": "5.2.1",
      "resolved": "https://registry.npmjs.org/safe-buffer/-/safe-buffer-5.2.1.tgz",
      "integrity": "sha512-rp3So07KcdmmKbGvgaNxQSJr7bGVSVk5S9Eq1F+ppbRo70+YeaDxkw5Dd8NPN+GD6bjnYm2VuPuCXmpuYvmCXQ==",
      "funding": [
        {
          "type": "github",
          "url": "https://github.com/sponsors/feross"
        },
        {
          "type": "patreon",
          "url": "https://www.patreon.com/feross"
        },
        {
          "type": "consulting",
          "url": "https://feross.org/support"
        }
      ]
    },
    "node_modules/safer-buffer": {
      "version": "2.1.2",
      "resolved": "https://registry.npmjs.org/safer-buffer/-/safer-buffer-2.1.2.tgz",
      "integrity": "sha512-YZo3K82SD7Riyi0E1EQPojLz7kpepnSQI9IyPbHHg1XXXevb5dJI7tpyN2ADxGcQbHG7vcyRHk0cbwqcQriUtg=="
    },
    "node_modules/semver": {
      "version": "7.6.3",
      "resolved": "https://registry.npmjs.org/semver/-/semver-7.6.3.tgz",
      "integrity": "sha512-oVekP1cKtI+CTDvHWYFUcMtsK/00wmAEfyqKfNdARm8u1wNVhSgaX7A8d4UuIlUI5e84iEwOhs7ZPYRmzU9U6A==",
      "bin": {
        "semver": "bin/semver.js"
      },
      "engines": {
        "node": ">=10"
      }
    },
    "node_modules/send": {
      "version": "0.19.0",
      "resolved": "https://registry.npmjs.org/send/-/send-0.19.0.tgz",
      "integrity": "sha512-dW41u5VfLXu8SJh5bwRmyYUbAoSB3c9uQh6L8h/KtsFREPWpbX1lrljJo186Jc4nmci/sGUZ9a0a0J2zgfq2hw==",
      "dependencies": {
        "debug": "2.6.9",
        "depd": "2.0.0",
        "destroy": "1.2.0",
        "encodeurl": "~1.0.2",
        "escape-html": "~1.0.3",
        "etag": "~1.8.1",
        "fresh": "0.5.2",
        "http-errors": "2.0.0",
        "mime": "1.6.0",
        "ms": "2.1.3",
        "on-finished": "2.4.1",
        "range-parser": "~1.2.1",
        "statuses": "2.0.1"
      },
      "engines": {
        "node": ">= 0.8.0"
      }
    },
    "node_modules/send/node_modules/encodeurl": {
      "version": "1.0.2",
      "resolved": "https://registry.npmjs.org/encodeurl/-/encodeurl-1.0.2.tgz",
      "integrity": "sha512-TPJXq8JqFaVYm2CWmPvnP2Iyo4ZSM7/QKcSmuMLDObfpH5fi7RUGmd/rTDf+rut/saiDiQEeVTNgAmJEdAOx0w==",
      "engines": {
        "node": ">= 0.8"
      }
    },
    "node_modules/send/node_modules/ms": {
      "version": "2.1.3",
      "resolved": "https://registry.npmjs.org/ms/-/ms-2.1.3.tgz",
      "integrity": "sha512-6FlzubTLZG3J2a/NVCAleEhjzq5oxgHyaCU9yYXvcLsvoVaHJq/s5xXI6/XXP6tz7R9xAOtHnSO/tXtF3WRTlA=="
    },
    "node_modules/serve-static": {
      "version": "1.16.2",
      "resolved": "https://registry.npmjs.org/serve-static/-/serve-static-1.16.2.tgz",
      "integrity": "sha512-VqpjJZKadQB/PEbEwvFdO43Ax5dFBZ2UECszz8bQ7pi7wt//PWe1P6MN7eCnjsatYtBT6EuiClbjSWP2WrIoTw==",
      "dependencies": {
        "encodeurl": "~2.0.0",
        "escape-html": "~1.0.3",
        "parseurl": "~1.3.3",
        "send": "0.19.0"
      },
      "engines": {
        "node": ">= 0.8.0"
      }
    },
    "node_modules/set-function-length": {
      "version": "1.2.2",
      "resolved": "https://registry.npmjs.org/set-function-length/-/set-function-length-1.2.2.tgz",
      "integrity": "sha512-pgRc4hJ4/sNjWCSS9AmnS40x3bNMDTknHgL5UaMBTMyJnU90EgWh1Rz+MC9eFu4BuN/UwZjKQuY/1v3rM7HMfg==",
      "dependencies": {
        "define-data-property": "^1.1.4",
        "es-errors": "^1.3.0",
        "function-bind": "^1.1.2",
        "get-intrinsic": "^1.2.4",
        "gopd": "^1.0.1",
        "has-property-descriptors": "^1.0.2"
      },
      "engines": {
        "node": ">= 0.4"
      }
    },
    "node_modules/setprototypeof": {
      "version": "1.2.0",
      "resolved": "https://registry.npmjs.org/setprototypeof/-/setprototypeof-1.2.0.tgz",
      "integrity": "sha512-E5LDX7Wrp85Kil5bhZv46j8jOeboKq5JMmYM3gVGdGH8xFpPWXUMsNrlODCrkoxMEeNi/XZIwuRvY4XNwYMJpw=="
    },
    "node_modules/side-channel": {
      "version": "1.0.6",
      "resolved": "https://registry.npmjs.org/side-channel/-/side-channel-1.0.6.tgz",
      "integrity": "sha512-fDW/EZ6Q9RiO8eFG8Hj+7u/oW+XrPTIChwCOM2+th2A6OblDtYYIpve9m+KvI9Z4C9qSEXlaGR6bTEYHReuglA==",
      "dependencies": {
        "call-bind": "^1.0.7",
        "es-errors": "^1.3.0",
        "get-intrinsic": "^1.2.4",
        "object-inspect": "^1.13.1"
      },
      "engines": {
        "node": ">= 0.4"
      },
      "funding": {
        "url": "https://github.com/sponsors/ljharb"
      }
    },
    "node_modules/sift": {
      "version": "17.1.3",
      "resolved": "https://registry.npmjs.org/sift/-/sift-17.1.3.tgz",
      "integrity": "sha512-Rtlj66/b0ICeFzYTuNvX/EF1igRbbnGSvEyT79McoZa/DeGhMyC5pWKOEsZKnpkqtSeovd5FL/bjHWC3CIIvCQ=="
    },
    "node_modules/sparse-bitfield": {
      "version": "3.0.3",
      "resolved": "https://registry.npmjs.org/sparse-bitfield/-/sparse-bitfield-3.0.3.tgz",
      "integrity": "sha512-kvzhi7vqKTfkh0PZU+2D2PIllw2ymqJKujUcyPMd9Y75Nv4nPbGJZXNhxsgdQab2BmlDct1YnfQCguEvHr7VsQ==",
      "dependencies": {
        "memory-pager": "^1.0.2"
      }
    },
    "node_modules/statuses": {
      "version": "2.0.1",
      "resolved": "https://registry.npmjs.org/statuses/-/statuses-2.0.1.tgz",
      "integrity": "sha512-RwNA9Z/7PrK06rYLIzFMlaF+l73iwpzsqRIFgbMLbTcLD6cOao82TaWefPXQvB2fOC4AjuYSEndS7N/mTCbkdQ==",
      "engines": {
        "node": ">= 0.8"
      }
    },
    "node_modules/string-width": {
      "version": "4.2.3",
      "resolved": "https://registry.npmjs.org/string-width/-/string-width-4.2.3.tgz",
      "integrity": "sha512-wKyQRQpjJ0sIp62ErSZdGsjMJWsap5oRNihHhu6G7JVO/9jIB6UyevL+tXuOqrng8j/cxKTWyWUwvSTriiZz/g==",
      "dependencies": {
        "emoji-regex": "^8.0.0",
        "is-fullwidth-code-point": "^3.0.0",
        "strip-ansi": "^6.0.1"
      },
      "engines": {
        "node": ">=8"
      }
    },
    "node_modules/strip-ansi": {
      "version": "6.0.1",
      "resolved": "https://registry.npmjs.org/strip-ansi/-/strip-ansi-6.0.1.tgz",
      "integrity": "sha512-Y38VPSHcqkFrCpFnQ9vuSXmquuv5oXOKpGeT6aGrr3o3Gc9AlVa6JBfUSOCnbxGGZF+/0ooI7KrPuUSztUdU5A==",
      "dependencies": {
        "ansi-regex": "^5.0.1"
      },
      "engines": {
        "node": ">=8"
      }
    },
    "node_modules/toidentifier": {
      "version": "1.0.1",
      "resolved": "https://registry.npmjs.org/toidentifier/-/toidentifier-1.0.1.tgz",
      "integrity": "sha512-o5sSPKEkg/DIQNmH43V0/uerLrpzVedkUh8tGNvaeXpfpuwjKenlSox/2O/BTlZUtEe+JG7s5YhEz608PlAHRA==",
      "engines": {
        "node": ">=0.6"
      }
    },
    "node_modules/tr46": {
      "version": "4.1.1",
      "resolved": "https://registry.npmjs.org/tr46/-/tr46-4.1.1.tgz",
      "integrity": "sha512-2lv/66T7e5yNyhAAC4NaKe5nVavzuGJQVVtRYLyQ2OI8tsJ61PMLlelehb0wi2Hx6+hT/OJUWZcw8MjlSRnxvw==",
      "dependencies": {
        "punycode": "^2.3.0"
      },
      "engines": {
        "node": ">=14"
      }
    },
    "node_modules/tslib": {
      "version": "2.8.1",
      "resolved": "https://registry.npmjs.org/tslib/-/tslib-2.8.1.tgz",
      "integrity": "sha512-oJFu94HQb+KVduSUQL7wnpmqnfmLsOA/nAh6b6EH0wCEoK0/mPeXU6c3wKDV83MkOuHPRHtSXKKU99IBazS/2w=="
    },
    "node_modules/type-is": {
      "version": "1.6.18",
      "resolved": "https://registry.npmjs.org/type-is/-/type-is-1.6.18.tgz",
      "integrity": "sha512-TkRKr9sUTxEH8MdfuCSP7VizJyzRNMjj2J2do2Jr3Kym598JVdEksuzPQCnlFPW4ky9Q+iA+ma9BGm06XQBy8g==",
      "dependencies": {
        "media-typer": "0.3.0",
        "mime-types": "~2.1.24"
      },
      "engines": {
        "node": ">= 0.6"
      }
    },
    "node_modules/undici-types": {
      "version": "6.19.8",
      "resolved": "https://registry.npmjs.org/undici-types/-/undici-types-6.19.8.tgz",
      "integrity": "sha512-ve2KP6f/JnbPBFyobGHuerC9g1FYGn/F8n1LWTwNxCEzd6IfqTwUQcNXgEtmmQ6DlRrC1hrSrBnCZPokRrDHjw=="
    },
    "node_modules/unpipe": {
      "version": "1.0.0",
      "resolved": "https://registry.npmjs.org/unpipe/-/unpipe-1.0.0.tgz",
      "integrity": "sha512-pjy2bYhSsufwWlKwPc+l3cN7+wuJlK6uz0YdJEOlQDbl6jo/YlPi4mb8agUkVC8BF7V8NuzeyPNqRksA3hztKQ==",
      "engines": {
        "node": ">= 0.8"
      }
    },
    "node_modules/utils-merge": {
      "version": "1.0.1",
      "resolved": "https://registry.npmjs.org/utils-merge/-/utils-merge-1.0.1.tgz",
      "integrity": "sha512-pMZTvIkT1d+TFGvDOqodOclx0QWkkgi6Tdoa8gC8ffGAAqz9pzPTZWAybbsHHoED/ztMtkv/VoYTYyShUn81hA==",
      "engines": {
        "node": ">= 0.4.0"
      }
    },
    "node_modules/vary": {
      "version": "1.1.2",
      "resolved": "https://registry.npmjs.org/vary/-/vary-1.1.2.tgz",
      "integrity": "sha512-BNGbWLfd0eUPabhkXUVm0j8uuvREyTh5ovRa/dyow/BqAbZJyC+5fU+IzQOzmAKzYqYRAISoRhdQr3eIZ/PXqg==",
      "engines": {
        "node": ">= 0.8"
      }
    },
    "node_modules/webidl-conversions": {
      "version": "7.0.0",
      "resolved": "https://registry.npmjs.org/webidl-conversions/-/webidl-conversions-7.0.0.tgz",
      "integrity": "sha512-VwddBukDzu71offAQR975unBIGqfKZpM+8ZX6ySk8nYhVoo5CYaZyzt3YBvYtRtO+aoGlqxPg/B87NGVZ/fu6g==",
      "engines": {
        "node": ">=12"
      }
    },
    "node_modules/websocket-driver": {
      "version": "0.7.4",
      "resolved": "https://registry.npmjs.org/websocket-driver/-/websocket-driver-0.7.4.tgz",
      "integrity": "sha512-b17KeDIQVjvb0ssuSDF2cYXSg2iztliJ4B9WdsuB6J952qCPKmnVq4DyW5motImXHDC1cBT/1UezrJVsKw5zjg==",
      "dependencies": {
        "http-parser-js": ">=0.5.1",
        "safe-buffer": ">=5.1.0",
        "websocket-extensions": ">=0.1.1"
      },
      "engines": {
        "node": ">=0.8.0"
      }
    },
    "node_modules/websocket-extensions": {
      "version": "0.1.4",
      "resolved": "https://registry.npmjs.org/websocket-extensions/-/websocket-extensions-0.1.4.tgz",
      "integrity": "sha512-OqedPIGOfsDlo31UNwYbCFMSaO9m9G/0faIHj5/dZFDMFqPTcx6UwqyOy3COEaEOg/9VsGIpdqn62W5KhoKSpg==",
      "engines": {
        "node": ">=0.8.0"
      }
    },
    "node_modules/whatwg-url": {
      "version": "13.0.0",
      "resolved": "https://registry.npmjs.org/whatwg-url/-/whatwg-url-13.0.0.tgz",
      "integrity": "sha512-9WWbymnqj57+XEuqADHrCJ2eSXzn8WXIW/YSGaZtb2WKAInQ6CHfaUUcTyyver0p8BDg5StLQq8h1vtZuwmOig==",
      "dependencies": {
        "tr46": "^4.1.1",
        "webidl-conversions": "^7.0.0"
      },
      "engines": {
        "node": ">=16"
      }
    },
    "node_modules/wrap-ansi": {
      "version": "7.0.0",
      "resolved": "https://registry.npmjs.org/wrap-ansi/-/wrap-ansi-7.0.0.tgz",
      "integrity": "sha512-YVGIj2kamLSTxw6NsZjoBxfSwsn0ycdesmc4p+Q21c5zPuZ1pl+NfxVdxPtdHvmNVOQ6XSYG4AUtyt/Fi7D16Q==",
      "dependencies": {
        "ansi-styles": "^4.0.0",
        "string-width": "^4.1.0",
        "strip-ansi": "^6.0.0"
      },
      "engines": {
        "node": ">=10"
      },
      "funding": {
        "url": "https://github.com/chalk/wrap-ansi?sponsor=1"
      }
    },
    "node_modules/y18n": {
      "version": "5.0.8",
      "resolved": "https://registry.npmjs.org/y18n/-/y18n-5.0.8.tgz",
      "integrity": "sha512-0pfFzegeDWJHJIAmTLRP2DwHjdF5s7jo9tuztdQxAhINCdvS+3nGINqPd00AphqJR/0LhANUS6/+7SCb98YOfA==",
      "engines": {
        "node": ">=10"
      }
    },
    "node_modules/yargs": {
      "version": "17.7.2",
      "resolved": "https://registry.npmjs.org/yargs/-/yargs-17.7.2.tgz",
      "integrity": "sha512-7dSzzRQ++CKnNI/krKnYRV7JKKPUXMEh61soaHKg9mrWEhzFWhFnxPxGl+69cD1Ou63C13NUPCnmIcrvqCuM6w==",
      "dependencies": {
        "cliui": "^8.0.1",
        "escalade": "^3.1.1",
        "get-caller-file": "^2.0.5",
        "require-directory": "^2.1.1",
        "string-width": "^4.2.3",
        "y18n": "^5.0.5",
        "yargs-parser": "^21.1.1"
      },
      "engines": {
        "node": ">=12"
      }
    },
    "node_modules/yargs-parser": {
      "version": "21.1.1",
      "resolved": "https://registry.npmjs.org/yargs-parser/-/yargs-parser-21.1.1.tgz",
      "integrity": "sha512-tVpsJW7DdjecAiFpbIB1e3qxIQsE6NoPc5/eTdrbbIC4h0LVsWhnoa3g+m2HclBIujHzsxZ4VJVA+GUuc2/LBw==",
      "engines": {
        "node": ">=12"
      }
    }
  }
}
